7eb9a23236	a business report on a desk with its first section of pages clipped apart and highlighted in yellow, chart pages visible, an office worker pointing at that first part
ee64e34495	a customer at a counter handing over cash to pay the remaining part of a bill, a large unpaid amount circled in red on a paper statement, a calendar with Friday highlighted
13cb44088b	three business representatives in a meeting room each holding up a sealed proposal folder toward a client seated at the head of the table, a project model in the center
754e436d71	an auction hall with several collectors raising numbered paddles, an auctioneer with a gavel beside a framed landscape painting on an easel, charity event atmosphere
dc5c9d62d3	a smiling businesswoman shaking hands with a city official at a desk, a signed contract folder and a small city skyline model beside them, celebration mood
6946233cd2	several company representatives in suits holding up proposal folders toward a panel of judges, a large model of a sports stadium on a table in the center of the room
e2c59c7a22	an auctioneer pointing to a man in the crowd who raises a paddle highest, gavel in hand, an ornate vase on the display stand, excited bidders in the audience
9484f12631	a red no-smoking symbol on the wall beside a building entrance, a man holding a cigarette outside the glass doors looking at the symbol, lobby visible behind
d2674ead21	an office worker at a computer with a big red prohibited symbol over a sticky note being passed between two coworkers, a lock icon on the monitor, serious mood
a83a75d84a	a museum gallery with paintings on the walls, a visitor holding a camera beside a stand with a red crossed-out camera symbol, a guard shaking his head
18223be2db	a supplier holding out a wrapped gift box to an employee who raises a hand and refuses, a red prohibited symbol above the box, office lobby setting
7257d4d299	a tiny independent shop with a worried owner standing in front, a huge glittering chain store across the street, few customers walking by
4c70d861f7	a tired commuter driving slowly through a crowded downtown street where every parking spot is taken, frustrated expression, rows of parked cars
10012ff157	a worried young business owner at a desk looking into a nearly empty cash box beside unpaid bills, small startup office with boxes, downward red arrow on a wall chart
c64b335304	a team of exhausted but smiling coworkers finishing a project late at night, crumpled papers and coffee cups everywhere, one member raising a finished document in triumph
34c06bff4e	a small clothing store with big sale tags in the window, empty aisles, an owner hanging colorful discount banners with percent symbols, struggling but hopeful mood
e20069454f	a luxury hotel room with lit scented candles on a bedside table, soft swirls of fragrance rising, fresh flowers, warm glowing light, neatly made bed
b244e79dde	a spa treatment room with a therapist pouring fragrant oil into her hands beside small oil bottles and flower petals, a client lying on a massage table
3988ce4886	a hotel lobby with large fresh flower arrangements in vases, a guest leaning in to smell a flower with closed eyes, fragrance drifting as soft swirls, morning light
bf3f4bc04a	a clinic waiting room, a nurse raising a hand toward a woman spraying strong perfume in a cloud of scent, other patients covering their noses
f3833bb124	a young assistant holding a tablet standing beside a manager's desk, wall calendar behind, pointing at a schedule board while the manager sits and talks
e47796d08e	a female professor and a young research assistant working together in a lab with microscopes and notebooks, summer sunlight through the window
5ce2ce96a7	a smiling sales assistant in a department store folding clothes at a display table, racks of clothing behind her, helping a customer
38050090c7	an assistant manager in uniform standing at a hotel front desk calmly talking with an upset guest, another staff member watching, a service bell on the counter
21ebb424c0	a person holding a phone headset looking at a broken gadget on a desk with a wisp of smoke, a helper icon of a wrench on a hotline poster, worried mood
fdaa36098a	a user manual booklet open to its last pages on a desk beside a small broken device, a little wrench icon on the page, a magnifying glass
edef77de33	a person at a laptop trying to fix an internet problem, a router with blinking lights and cables next to it, checking connections with a thoughtful expression
e3d42301ae	two IT technicians opening up an office printer with paper jammed inside and tools around it, one checking the inside with a flashlight, morning sunlight, tired but focused
89ee6d39be	a financial officer pointing at a bar chart where a tall bar rises above a red horizontal budget line, a worried manager shaking his head, stacks of receipts
25fd3adff1	a happy manager pointing at a bar chart where sales bars rise clearly above the expected target line, colleagues clapping, meeting room
0def71f3ce	a store with empty shelves and a long line of customers waiting, a stack of orders piled high on the counter, a worried clerk, demand outgrowing supply
4d3f4e80bf	an airport check-in counter with a heavy suitcase on the scale showing a red warning light, a clerk holding out a card payment terminal to a surprised traveler
3ee4603286	a man at a laptop sending documents by email, an envelope icon flying from the screen to another computer across the room, office desk with paper files
16a8af56d8	a tour group with backpacks following a dotted route on a map that passes through a big city landmark tower before reaching an ancient city, airplane icon
2cf4070ccb	people in a conference room looking at a large screen showing a grid of remote colleagues in a video call, laptop and headset on the table
b0ed79b225	a courier in a delivery uniform loading a taped cardboard package into a fast delivery van, a lightning bolt symbol on the package, warehouse dock
83fbc3c78d	an older woman handing house keys and a property folder to a young man in front of a large office building, the new owner smiling
ea06b1eed2	a group of young workers in casual office clothes cheerfully holding house keys in front of small houses on a residential street, an upward green arrow beside them
3885751682	a restaurant owner in an apron proudly hanging a new sign board over the entrance, the previous owner leaving with a box, happy staff waiting inside
f4c66910e9	an employee standing next to a large project board with a hand on his chest, taking charge with confident posture, teammates applauding in the office
15ba036b4e	a project calendar with a long dusty blank stretch and an infinity symbol, a manager placing a folder in a drawer, blueprints shelved, a worried team behind
a2ebd7d121	a factory gate closed with chains, machines idle inside, repair workers with tools on scaffolds, an infinity loop symbol above the gate
e8f97e77a7	a shop window with a bright sale banner and a sand timer running out beside it, shoppers hurrying in, a clerk pointing at the timer
69601940a2	an office worker looking at a cloud icon above a server room where endless rows of folders are stored, an infinity symbol above, calm mood
6cac6c309a	a confident team leader with raised arms in front of a plan on a whiteboard with diagrams, team members nodding with full certainty and giving thumbs up, bright office
75b2ac9cbe	a library reading room with readers absorbed in books, a librarian with a finger to her lips, perfectly quiet still atmosphere, warm lamps
a884082cdd	a CEO seated at the head of a long table pointing a decisive finger at a stack of resumes while managers listen quietly, big office
271060f5f3	a charity seminar hall with a cheering audience giving a standing ovation, a presenter on stage beside a big gold star, donation boxes at the entrance
5cdadaed77	a company wall with a big shield emblem and a handshake icon, employees standing tall beneath it, a heart symbol, firm and honest atmosphere
641367c7ce	a confused man staring at a tangled maze of arrows and diagrams on an instruction sheet, scratching his head, furniture pieces spread on the floor
12cf57a098	a frustrated customer at a desk surrounded by piles of insurance forms, arrows going in many directions, an agent at the counter explaining patiently
6f256296e3	two company logos merging into a tangled knot of lines on a whiteboard, employees looking confused around a meeting table
c83b2953e9	an airline counter with a customer holding a boarding pass, a busy staff member pointing at a map full of crossing route lines, confusing mood
8a9a047687	a storefront with a unique large bird-shaped emblem on its signboard, passers-by stopping to point at the eye-catching design
d88bc885a6	a hotel lobby decorated in bold blue and white patterns, striped walls, guests admiring the unusual design, a bellhop with a luggage cart
3a2099136a	a cup of coffee with rising smoky steam swirls, a barista sniffing the cup with raised eyebrows, coffee beans and a roaster machine in the background
050de7327b	a striking building with an unusual curved twisted shape standing out among plain square buildings on a city street, a tourist taking a picture
49f34b868a	a middle-aged man sitting on a sofa holding his lower back in pain, a heating pad and medicine bottles on a table, a calendar with many days marked
4440e2a0b5	a city street with parked cars bumper to bumper on both sides, drivers circling endlessly looking for a spot, one car parked on the sidewalk
146e581a1d	a nurse visiting an elderly patient at home, checking blood pressure, a pill organizer on the table, cozy living room, caring mood
fea0313b57	a downtown road jammed with endless cars in gridlock, a clock showing rush hour, tired drivers, a long line of brake lights
e37dc77fc0	an accountant at a desk with a calculator and tax forms, a stack of receipts and a laptop showing spreadsheet charts, concentrated expression
512b37e00d	a bank office job interview, a hiring manager shaking hands with an experienced accountant holding a calculator and briefcase, ledger books behind
793ba96f10	a professional woman accountant in an office with a red double-decker bus and a clock tower visible through the window, working with ledgers and a calculator, framed certificate on the wall
c910855de7	an office worker putting a bundle of receipts into an envelope to hand to two accountants at their desks, calendar with Friday marked, calculators
223842dbd5	five job candidates shown as portrait silhouettes on a board, a hiring manager circling the final few with a marker, a clipboard on the table
162c39ac78	a small restaurant owner and chef holding a golden trophy-shaped nomination card, small icons of other finalist restaurants beside it, cheering staff
26c45e4d06	three different logo designs pinned on a corkboard, one circled with a star, a designer and a manager looking at them together
4e91a61e7e	a committee of judges at a table with a list of finalists, one member standing and holding up a folder, a calendar with Monday highlighted
6739c9df23	a village square with an old stone gate, people in traditional costumes dancing at a festival, proud local residents
ab2b470cb0	a tour guide showing a group of tourists old traditional cooking pots and a local dish in a rustic kitchen, spices and old recipe books
c5da0c10f4	an old traditional market with wooden stalls beside a heritage plaque symbol, people strolling, a national flag flying, historic atmosphere
653cad4951	a craftsman in an old workshop carefully making leather goods, an old black-and-white group portrait and vintage tools on the wall, master teaching an apprentice
eddbee59fa	a large truck at a gas station with a driver holding the fuel nozzle in the fuel tank, pump glowing, early morning
e8b78a4aec	a thriving company shown by a flame icon under a rising growth chart, many customers lining up at a shop counter, a smiling owner watching, upward arrow
eda9611ea8	an airline worker at an airport looking at a rising red upward arrow beside a jet plane and fuel pump, a passenger frowning at a fare board
e0d31027bf	a truck driver at a gas station pumping fuel into a tall delivery truck before a long trip, a road stretching ahead, a road map on the dashboard
a5d91df0ab	solar panels on a green field with a shining sun and a circular recycling arrow symbol, blue sky, technicians walking between the panels
c8635332e4	a modern office building with solar panels on the roof and a small wind turbine beside it, green leaves on the facade, employees walking in
2b842d6cd2	a landlord and tenant at a desk signing a contract with a circular renewal arrow over it and a calendar page two years later, keys on the table
0659423e74	an investor pointing at a map of wind farms and solar fields, rows of white wind turbines on green hills at sunrise, an executive handing over a check
c25c3f4dc9	a trainer working one on one with a client at a laptop, tailored training materials laid out in personalized folders, smiling client
ab560a0893	a man in an office holding a stack of freshly printed business cards with a new emblem logo, a print shop clerk at the counter, ink stamps
a922d42388	a furniture designer measuring a room with a tape measure beside a shelf with adjustable sizes, a customer pointing at a sofa, cozy showroom
5a3ceafe84	a small shop owner at a laptop showing simple colorful charts, a calculator beside him, a cozy small storefront behind
cdb62616bb	road workers in orange vests repairing a highway lane with cones and an excavator, cars driving slowly past, road work symbol
06b5b187c6	two teams of businesspeople sitting across a long table in negotiation, papers and coffee cups, a clock showing hours passed, serious mood
28c4aa2c3a	a shop owner bowing gratefully to loyal customers at the entrance, a small heart and a thank-you flower bouquet on the counter, warm smile
a4a00223f3	detectives in coats examining a car accident scene, marking evidence with small numbered cones, a police car with flashing lights in the evening
e05e46f114	children in winter coats amazed at a few snowflakes falling on a green city street with palm trees, snow being a rare sight
6f73d3ce97	an antique shop with a shopkeeper carefully showing an old leather book and a yellowed map under glass, dusty shelves, a magnifying glass
06f2c0efd9	an empty store shelf with a single leftover item and a surprised manager, stocked warehouse boxes visible behind, an unusual event
00f3e4f7fa	a doctor showing a patient a medicine bottle while a small dizzy spiral appears above a patient's head, a tiny slice highlighted in a pie chart
1069582d8b	a customer at a restaurant table pointing to a red juicy steak with a deep pink center on a plate, a waiter taking the order, candlelight
7ba60d698b	workers in helmets returning to a construction site after a holiday, a green go signal light, machines starting up, cheerful morning
8c8ae9efa0	a train on the tracks starting to move again as workers clear debris from the rails, station platform with waiting commuters, green signal ahead
35eeecf522	factory workers restarting an assembly line with machines humming, a supervisor pressing a green start button, calendar showing Monday
56c21a8346	business negotiators shaking hands again around a table after a break, coffee cups and papers, a calendar with two weeks crossed off, relieved mood
640f20cbd2	a company representative shaking his head and pushing away a pointing finger from a reporter, a fraud accusation shown as a red warning triangle on a folder, tense press room
30eeff7476	an internal review team looking through folders on a table and finding nothing, magnifying glass over empty pages, one member shrugging, a rumor speech icon crossed out
b00e485eb4	a man in a suit calmly and firmly rejecting an accusing finger from a colleague, a computer with a leaked file icon crossed out, office tension
04fa7a913e	a human resources team reviewing a complaint folder around a table with serious faces, a magnifying glass on papers, a frowning employee icon on the board
8a2a36b602	a young woman at her office desk shaking her head with a calm smile at a job ad brochure, comfortable at her current workplace, a plant on her desk
0bf680acdf	a man smiling and leaning toward a job offer letter on a table, an interviewer pleased across the desk, warm expression, hand reaching for a pen
2c796cd7fb	a shopper in a supermarket reaching for a familiar famous brand box on a shelf while ignoring other unknown boxes, arrow pointing toward the familiar box
13968fa98e	a man in an office looking bored at a desk full of paperwork, staring out the window toward a mountain trail, no interest in desk work
1e6e1fe657	a persistent salesman smiling at the door of a client's office holding a briefcase, several crumpled rejection notes in a trash bin, finally shaking hands over a contract
862879d520	a city heat wave with a blazing sun over a city, a long lasting thermometer icon, volunteers opening a cool shelter tent with fans and water bottles, residents entering
19ef9eb390	a determined salesperson at a phone desk with a tall pile of call sheets, a calm patient smile, a small trophy rising on the desk, a clock showing many hours
fd97ea5768	a manager smiling and patting a woman's shoulder in an office, a solved problem board with a checkmark behind them, a colleague looking on proudly
8c832e81b0	a traveler at an airline counter handing over a passport, an agent with a green checkmark stamp on the passport, a calendar showing six months ahead
a15f71deb2	a discount coupon shape with a green checkmark and a calendar page showing the month's last day, a shopper at a register holding the coupon
57ad40e6e8	a person at an exam registration desk holding up an identity card with a face portrait to a proctor, a green checkmark shape, pencil cases on the desks
9e6c9ae0f3	a man at a budget meeting raising a finger to make a good point, colleagues nodding in agreement, a chart of expenses on a screen, a green checkmark above
91ecca4198	construction workers on a site wearing hard hats, safety vests, gloves and goggles, a crane behind them, sunny day
9533449472	a factory entrance where a staff member hands helmets and goggles to visiting guests, visitors putting them on, machines visible through a glass wall
2951e46331	workers returning helmets and vests to a numbered rack at the end of a shift, a supervisor checking them off a clipboard, evening light
7bfc0e7369	a company representative handing helmets, gloves and vests to a group of contractors at a tool shed, smiles all around, crates of gear beside them
47e07439e8	a yellow forklift lifting a stack of wooden pallets and carrying it toward a waiting truck at a loading dock, a warehouse worker watching
55bac1a965	a certified worker with a license card on his chest driving a forklift in a warehouse aisle, tall shelves of boxes, a supervisor supervising
97aedfa46f	a warehouse manager interviewing a smiling experienced forklift driver, a yellow forklift parked behind them, stacked boxes and pallets
b9753aa457	two brand-new forklifts being unloaded from a delivery truck in front of a factory, workers welcoming them, a manager pointing at them
9131c68049	a group of job applicants sitting in a row with a checklist board in front of them where all boxes are ticked, an interviewer nodding
e841164115	a panel of judges at a long table scoring contestants with strict serious faces, a row of gold trophies waiting, clipboards with checkmarks
b36bb00cb8	a hiring manager holding a resume with a highlighted work experience section, a checklist with the top item circled in red, candidate waiting
0348679b6e	a person at a laptop reading an award requirements list shown as tick boxes on a web page, trophy icon at the top of the page, office desk
7454e3d8d2	a new law scene where a tall paper stack falls on a small local shop, an owner looking overwhelmed at the counter, a downward arrow on a wall chart
577062de64	a port with ships and containers stuck waiting, a worried retail manager looking at a holiday shopping catalog with empty shelves behind him
3a7f10c3ef	a coastal region after a storm, fallen trees across the road, broken fences, residents surveying the damage, dark clouds clearing behind
640e48e3e9	a dreary shopfront with rain pouring outside, no customers, a clerk looking sadly at a falling sales chart, umbrellas by the door
1a1522d8f4	a phone case protecting a smartphone that has dropped onto a hard floor, a burst impact star shape, the phone unbroken, a hand reaching down
6dc849fac2	a visitor at a front desk receiving a paper copy from a receptionist, pointing toward a stack of copies on the counter, lobby setting
ee2bba2365	a contractor at a city hall counter receiving an approved permit paper with a stamp, a renovation site with scaffolding seen in a picture beside him
05a64a39dd	a person at a laptop finding a detailed information page on a company website, a magnifying glass over the page, a notebook beside her
8ac45ac3c5	a woman proudly holding a newly received license card in a training center, an instructor shaking her hand, certificate frame on the wall
cbd9d535f0	a car dashboard with red warning lights glowing, a driver looking away while chatting on the phone, ignoring the flashing lights
2515f8457c	a manager in his office turning away from a gossip crowd by the water cooler, focusing on a quarterly report with a bar chart on his desk
65f34884df	a customer service desk with a stack of complaint letters ignored, a red warning symbol, a supervisor bringing them back and reading them carefully
9774b9cbc2	a factory worker without a helmet skipping safety signs beside machines, a warning symbol and a small accident scene with fallen boxes, a supervisor alarmed
11b82b0644	a row of modest tidy apartment buildings with families moving in, a price tag with a small number and a smiling couple holding keys
48fd5cf4e0	a gym with students working out on machines, a discount membership card shape with a small price tag, an instructor welcoming them
6508142b92	two smartphones side by side, the newer model with a smaller price tag beside it and a smiling customer choosing it, a store shelf display
674c6ed875	a family at a market stall buying fresh vegetables and fruits, a small price tag on baskets, a smiling vendor handing a bag, healthy food
70dfa96848	a manager holding a stack of late delivery notices with a firm expression, a clock on the wall, an apologetic driver standing at the desk with packages
65f09b2ebf	potted plants standing in a snowy garden bed, frost on leaves, still green and strong, gardener smiling nearby, cold winter light
cc5f2fef96	a rude customer shouting at a shop staff member while a manager steps in with a hand raised to stop him, a red prohibited symbol above, other customers watching
ff3863ae9a	a man at a desk with headphones on and hands over his ears, annoyed by noisy coworkers chatting loudly nearby, papers on his desk
a4e55ed440	a parking lot with a car neatly parked inside a marked painted parking bay, a blue parking symbol on the ground, other cars in a row
bd3a1b3c84	a woman standing at a media desk with a badge shape on her jacket, reporters pointing microphones toward her, a big star marker on the desk
dc2dfdab62	a woman being handed a team leader badge by a manager at a meeting, colleagues applauding, a promoted employee smiling, office wall with a chart
97bdb4edf8	a job candidate arriving at an office reception right as the wall clock shows the set time, a calendar marked with a circle, a receptionist smiling
21b32e0209	a company representative bowing warmly with a hand on his chest toward a group of loyal customers, a bouquet of flowers and a thank-you card on the table
59810e53ea	a man in a workplace shaking hands with a smiling colleague, a schedule board showing his shifts covered by the colleague, warm thankful mood
4bb14cb5fe	a man politely leaning over a desk asking for a reply, a calendar showing Friday circled, an email icon flying from a laptop, hopeful expression
43a5805ba2	a restaurant customer with a happy smile leaving a large tip on the table, cash bills and coins, a waiter surprised and pleased
65a3c911e3	a factory floor with several experienced technicians working carefully on machines with tools, a supervisor with a blueprint, a sign board shape asking for more workers
5a2ef65f44	a chef in a white uniform expertly decorating a layered cake in a bright kitchen, tray of pastries behind, a hiring poster shape on the wall
a28f76531c	a businesswoman confidently discussing a contract with a client at a table, papers with signatures spread out, the client nodding, a handshake ready
0ae06d3903	a busy industrial region with a few workers standing at machines and many empty workstations, a warning symbol, a hiring board with few names
3661b237c5	a group of project workers running along a timeline track fast on a large chart, a clock and a rapid arrow, energetic mood in the office
696838f100	a group of runners at the start of a charity marathon, one runner checking his watch and jogging steadily instead of sprinting, a cheering crowd along the route
93b3715caf	a new employee in a training room sitting calmly at a computer learning at a relaxed comfortable speed, a mentor beside him smiling, a slow clock
9990ab6169	a small bakery counter piled with online order boxes and a baker rushing to keep up, a busy phone and a laptop with many orders, flour in the air
ab8e7af1e4	an old neighborhood with narrow lanes and low houses, artists living in windows with paintings, easels on doorsteps, cozy evening lights
c2dac943a8	an employee carrying a moving box into an apartment right next to the office building, a short walk shown by a dotted path between them, relaxed morning
8728892b8f	a manager at a meeting pointing forward to a future chart while employees turn away from a pile of last quarter's crumpled reports, positive mood
69fb7a3aa5	colorful rare birds perched among reeds in a wetland with a resort building in the distance, a birdwatcher with binoculars
9d69bfe0fe	a company owner looking worried at a rising cost bar chart towering above a shrinking profit bar, dark clouds over a factory in the background
2bc2c2b4b3	an angry client pointing at a wall clock and a package sitting on a desk, a cancelled order stamp shape in the air, a manager apologizing
c98a866495	heavy rain clouds over an outdoor event stage with rows of chairs, organizers looking at the sky, tents and a clock, worried faces
fc7df5babb	a river with a factory releasing dark smoke and waste into the water, dead fish, a small worried bird and turtle near the polluted bank
ad55326779	a shipping worker pressing down a box lid firmly and taping it closed, a stack of sealed boxes on a table, a parcel scale beside him
09585a1d84	a woman gripping a handrail firmly while riding an escalator in a shopping mall, another passenger beside her, a small caution symbol at the top
10b859c58b	a busy office with a wall calendar full of deadlines circled in red, employees hurrying with papers, a clock with only a little time left
f9267bff97	an airport security area with many uniformed guards checking passengers closely, scanners and bins on belts, a long line of travelers, strict mood
528ab5ff42	a clerk at a store counter raising a hand asking a customer to wait, checking an order on a computer, the customer sitting patiently on a chair
a654527e38	a journalist writing in a notebook while an expert speaks at a podium with several experts in a row, a recorder on the table
6f2d12a432	a woman presenting in front of a screen showing a highlighted customer survey chart, gesturing to an audience taking notes, a pointer in her hand
824f52c3be	a contractor with a clipboard standing in a room with a broken ceiling, holding up five fingers to the owner, tools and ladder nearby
9ed62d04a2	a customer at a service counter asking a clerk for a written price estimate, a clipboard with an itemized list and a calculator between them
ee6fbd7dcb	a woman speaking with a business magazine reporter, a magazine on a table with her portrait on a page, other magazines stacked beside it
81172d9a05	a small empty shop corner with big windows on a busy street with pedestrians, a woman planning a new cafe with a coffee cup icon and a thumbs-up
22b131b7e5	a company founder's framed portrait and a heart-shaped emblem on a lobby wall, a staff member smiling while helping a customer beneath it
1b5895b559	a hiring manager holding up a resume with a five-year timeline chart, a star above a smiling candidate sitting across the desk, crossed off other resumes
af04eba057	an outdoor wedding scene with rain pouring on chairs and flowers, guests holding umbrellas, a worried bride and groom under a canopy
c7ebe063cb	a student receiving a rolled diploma-style certificate from a trainer at the end of a course, classmates clapping, a small ribbon on the certificate
0ff9dc2cd1	a spa reception desk with a stack of gift cards in decorated envelopes with ribbons, a customer buying one, holiday decorations behind
5c11e04e63	a person at a government office counter handing over a birth record paper and passport application form to a clerk, stamps and a passport on the desk
c81b7da14f	a kitchen staff member in a chef's uniform proudly showing a framed food safety license with a seal, stainless steel counters behind him
09ba1d6f8c	a woman standing beside a whiteboard with a short list of main points, explaining them to colleagues, marker in hand
e6abdcc2c9	a training manager handing out a folder outline to trainees in a room, a slide of the program's main steps on a screen, trainees receiving papers
bde08b4ffc	a report on a desk with three cost-saving methods drawn as icons, a coin, a lightbulb and a downward arrow, a colleague reading it
e2686cffe9	mountain peaks with a dark outline sharply drawn against an orange evening sky, tiny cabin lights below, silhouette of the ridge
510f03b3e0	volunteers in matching T-shirts handing water bottles to marathon runners at a roadside table, cheering spectators
7618507edb	a delivery truck loaded with crates of fresh vegetables leaving a farm, crates being unloaded at a grocery store, a map with lines spreading nationwide
e04709d4a2	a presenter at the start of a seminar with an assistant handing out papers to attendees in rows, a projector and chairs
6da3fc2948	a business partners' table with a pie chart of profit divided into equal slices, three partners each receiving an identical stack of coins
fadb91ddf3	a couple signing house loan papers at a bank desk, a banker handing them the keys, a small house model on the desk, smiling
00696c1933	a couple in front of their house handing a bank representative a document to borrow money, a small bakery model with a cake on the table
dac8b8b779	a couple burning or crossing off the last line on a long loan chart, smiling at their house, a calendar showing fifteen years and a trophy
7beced81e0	a bank rate board shown as a downward line chart on a screen, three calendar months ticked off in a row, a couple looking happy at a small house model
53a45320a8	an office with a huge tower of wasted printed paper spilling from a printer and overflowing bins, a coworker frowning and pointing at the pile
40e4ff89a3	a crowded service center with a long line of frustrated customers, a wall clock showing hours have passed, people sitting slumped on chairs, a clerk at the counter
fa160142d1	a traveler looking shocked at a very high price tag shape next to a tiny short train ticket, a calculator and a small suitcase
e16fd6e50a	a construction site with a very loud jackhammer and a dust cloud, residents in nearby apartment windows covering their ears, sound wave shapes
77f6e57d36	volunteers of a charity handing out blankets and food to a homeless family in a shelter, a tent and a warm meal, caring mood
e7680f70cc	a woman in gloves planting a small tree in a city park, other volunteers with watering cans and shovels, a group T-shirt, sunny day
b91c673a1e	an event planner at a desk with a neat color-coded schedule board, tidy folders and labeled boxes in rows, a calm confident expression
dbacc5b52e	a conference hall with several delegates seated behind national flags around a large round table, translators wearing headsets, a big world globe
af1280e750	a growing company in a small crowded office packed with desks and boxes, employees squeezed together, a bigger office building shown through the window
cbceb57aa2	a small warehouse packed to the ceiling with overflowing boxes, workers stacking parcels in the aisles, a laptop showing a rising online sales graph
fc64a19ffb	a mother holding up a little shirt and small shoes beside a taller child, the child's ankles and wrists sticking out of the too-small clothes
6f3822eb8d	a small bakery kitchen crowded with bakers and trays, a baker pointing out through the door at a bigger new kitchen space, a calendar showing six months
e821e10930	a large red cost bar towering over a small investment box, an investor holding back a stack of money, a red stop sign shape, a serious meeting
5b3a42bebe	an office where rigid rules shown as chains and a rule board make a lightbulb inside a glass box dim, employees at desks looking stifled
d4af6e4bbb	a tube of medical cream with tiny bacteria shapes stopped behind a shield, a dermatologist holding the cream, clean clinic desk
924cde57ca	a factory floor with a growth chart on the wall flat and stalled, machines idle, a hiring board with few names and empty workstations
3e65884e13	a speaker on stage waving his hands and improvising while a blank projector screen behind him shows nothing, an audience watching with interest
a278e75094	office staff quickly putting together simple sandwiches and fruit on a table, a catering van driving away in the background, improvised lunch
d64fe9f44f	a jazz band on a stage, a saxophonist and pianist playing energetically without sheet music, spotlights, an enthusiastic audience
a041dd15d3	office staff using a stack of cardboard boxes topped with a board as a makeshift table, papers and coffee cups on top, a real table missing
acac2ba1ae	a manager and a team looking at a calendar with a circled delay, a notebook with a checkmark plan and a stopwatch, a lightbulb of better planning above
1921157c30	a contractor on a ladder patching a leaking ceiling with a bucket collecting drips below, a calendar with Friday marked, the office owner watching
7c45d02371	a steaming cup of ginger tea on a table beside ginger roots and honey, a person with a scarf and a tissue box, cozy home scene
b41a7e747d	a manager at a meeting table pointing to a red problem board with a wrench and a checkmark, staff nodding, action steps drawn as arrows
6021ab5c68	a doctor talking with a patient at a desk, a plate of healthy vegetables and a blood sugar meter on the table, a diet chart shown as icons
fb826c038f	a clinic worker preparing a free screening table with a blood sugar meter and pamphlets, employees lining up, spring flowers in the window
8e51faefa0	a couple jogging together in a park in the morning, a downward arrow next to a small blood sugar meter icon, healthy fruit in a bag
7d3622fb73	a middle-aged man in a doctor's office looking serious as a doctor points to a blood sugar chart, a glucose meter and a health record folder on the desk
c5e4bd70c3	a courthouse steps crowded with reporters and cameras, a famous lawyer walking through a mass of microphones, flashes, heavy media attention
01136b30eb	a fashion designer in a stylish outfit walking through an empty new boutique with a shop owner, bright lights, onlookers gathered outside the window
d52e71e8d1	two large corporate towers connected by a bridge shape, business leaders shaking hands in front of a crowd of cameras and reporters, headlines feeling
052d3d2171	a gala dinner hall with elegant tables and a red carpet at the entrance, well-known guests in evening wear arriving, camera flashes, chandeliers
9d8c57889d	a freshly painted room with an open paint bucket and brushes, a man holding his nose with a wavy smell line still hanging in the air, open window
aeefc92be1	a bridge with a barrier and a construction fence, engineers looking worried at cracks in a pillar, a calendar with a long delay, gathering dark clouds
0e3d2a07d5	a man sitting on a bed with a persistent cough, a spoon of medicine and a glass of water on a nightstand, a calendar showing many days marked
d51a809409	a group of customers in a store looking at a price board and scratching their heads with question marks over their heads, a puzzled clerk
33a9593040	a lobby with a few guests standing in small groups chatting after an event, coats and glasses in their hands, staff waiting near the exit, a clock showing late evening
622b166df7	a shop owner pointing to balanced scales with a price tag on one side and coins on the other, happy customers with shopping bags, a friendly counter
d1aae19c43	a hiring committee at a table reading each application carefully and equally, a scale of justice icon beside a pile of resumes, seriousness
c4ca67b700	three coworkers sharing cleaning duties together in an office, one wiping a desk, one vacuuming, one taking out the trash, a rota chart on the wall
afdbcc4eac	a manager handing a supplier a payment envelope exactly on time, both smiling and shaking hands, a scale of justice icon and a calendar with the due date checked
99736b886a	a large job fair hall with dozens of company booths, banners and job seekers holding resumes in front of tables, lively crowd
657928779e	a man returning to his office with a small bandage on his hand and a colleague greeting him, a first aid kit on the desk, cheerful mood
79de39be93	a factory floor where a safety poster board shows a number of small red injury marks dropping to half in a chart, workers in helmets smiling
95247bbc67	a worker in thick protective gloves carefully carrying sheets of glass on a rack, a bandage box nearby, glass shards on the floor behind him
cb0fa7d321	a small fender-bender between two cars on a quiet street with drivers standing beside them unharmed, a police officer with a notepad shaking his head slowly
ea44985177	two coworkers sitting at a tiny sidewalk bistro table with coffee and sandwiches, an office building in the background, a chalkboard shape without text
72792e9627	a rooftop bistro at night with warm string lights, a waiter serving a light meal at a table, a city skyline behind, guests chatting
269774f68a	a chef in a white uniform standing proudly in front of his own newly opened small bistro with tables and chairs outside, cutting a ribbon, a tall hotel far behind him
317bd7f76c	two people at a table in a quiet bistro with a candle and coffee cups, talking calmly, the streets outside busy but the restaurant peaceful
93cd590f5b	a well-known celebrity in sunglasses stepping out of a black car onto a red carpet, cameras flashing from a crowd, a ribbon-cutting at a store entrance
b62ea8ac3a	a big perfume advertisement showing a glamorous actress holding a perfume bottle on a billboard, a passerby looking up at it
e8171d3f65	a charity event hall with a crowd taking pictures of a few glamorous famous guests near a stage, red carpet, balloons, a donation box
c0db64a84e	a happy chef in a white uniform with a group of fans asking him for autographs outside a studio, a TV camera, a cooking show set behind
3d142c271f	a delivery truck stuck in heavy rain and storm winds on a road, a courier looking at the sky, a delayed schedule and clock, dark clouds
76224de51c	two software developers looking away from each other at desks, tangled communication lines between their monitors, a stalled progress bar shape on the wall
ac186b6aab	a factory with machines partly idle and empty worker stations, a manager looking at a big order stack, a worried supervisor, a shortage of staff
ed7f187eec	a factory growth bar chart flattening while a rising raw material cost arrow climbs beside it, a worker holding a box of metal parts
07231c9178	a city official putting a new parking meter on a street corner while drivers look at it with surprised faces, coins and a parking symbol
be158b5513	an airline counter where a clerk places a heavy suitcase on a scale and points to a payment terminal, a traveler paying, a red overweight light
0e821a323d	a wall clock and overtime chart with a strict red line, a manager standing firmly holding a barrier bar, tired employees leaving on time at the door
0c06defce3	a manager at his desk holding back a heavy stack of extra work with both hands, choosing not to push it onto his team, who work busily at their desks
daf7620f07	a calendar page showing July with a rule book icon, a manager announcing the new rule to an office staff, a big highlighted date
11332b6ccd	a food truck parked on a city street beside a parking zone sign with a green area, an inspector with a clipboard, customers in line
c8c53217f8	a factory inspector handing a stack of money as a fine to a factory owner, a broken safety barrier on the floor, workers without helmets
9d176e6444	a shipping worker at a packing table attaching an English-language label to parcels, a manager pointing at a checklist board, stacks of packages
be670943b1	a delivery route on a map with a shorter path drawn as a straight arrow rather than a winding one, a truck and a clock icon, a manager pointing
c1538a1232	a late autumn park with a low orange sun setting early and an event stage packed away, a clock showing early evening, staff folding chairs
c291d72dcb	a wall calendar with a deadline circled two days earlier, an employee looking panicked at the change, papers scattered on the desk
237a1e3b9b	a manager holding a long speech paper cut short with scissors into a thinner stack, a colleague comparing two piles, one thick and one thin
a737be43a3	an office worker sorting stacks of files into color-coded boxes on a desk by date with a calendar, neat piles
375735eea0	a camping store shelf full of all kinds of camping equipment, tents, stoves, sleeping bags, lanterns, a shopper browsing with a basket
1703538074	a job seeker at a career counselor's desk looking at a job board with many different colored role icons, a counselor asking a question with a friendly gesture
381f30b636	a man at a desk on the phone, solving a billing problem shown with a tangled invoice paper being straightened out, a clock showing afternoon, a coffee cup
3f148dfd35	a group of smiling employees receiving health insurance cards in a meeting room, a nurse icon and heart shape on a poster, a manager handing out envelopes
547f50b39d	a travel agency desk with an agent handing a traveler a shield-shaped protection folder, an airplane ticket and globe, suitcase beside the traveler
eab593f253	an umbrella-shaped shield covering a house from both fire and flood water, flames on one side and waves on the other, a family safe under it
4e3f1b10db	a patient at a clinic reception desk handing an insurance card to a receptionist, appointment book on the counter, waiting room chairs behind
09c56cfd63	a language classroom with adult learners at desks, a ladder of three steps drawn on the wall with the middle step highlighted, a teacher at the front
83c8c0b3d4	a software course classroom where attendees at computers are confident with basic tools, an instructor showing the next step, a stair icon pointing up one level
d8b8a22ddc	workers with medium level badges standing between beginners and senior workers on a three-step staircase in an office, a manager smiling
4b33ad18b8	a course poster with three colored ladders, a small step, a middle step and a tall step, learners climbing them at a training center
ec0fcb75a1	a market stall selling colorful exotic fruits like dragon fruit and mangoes, curious shoppers looking at them, a vendor holding one up
e38c5d8c64	a resort garden with tropical flowers and colorful parrots, palm trees, guests walking on a path, a blue sky
e5f05ff2fd	a spice shop with open sacks of colorful spices and unusual herbs, jars in rows, a shopkeeper handing a shopper a small bag, packed crates from far away
f9975b31fb	a travel magazine spread on a table with pictures of tropical beaches and an ancient temple, a map with ten pins, a suitcase and sunglasses
7f060bda95	a river overflowing its banks and water covering a street, damaged houses with water halfway up doors, residents in rubber boots looking at it
2da0cc8179	an underground parking garage filled with muddy water up to car wheels, a security guard with a flashlight, heavy rain visible at the entrance
637675f750	a customer service office where a flood of complaint letters pours in through a mail slot and piles up on the floor, staff overwhelmed and stressed
8dcb2d3a34	an office with several phones ringing all at once, an employee in the middle holding two phones with wide eyes, a tall stack of message papers
b8aff36942	a closed warehouse with muddy water marks on the walls and wet boxes, a worker with a mop and bucket, a caution sign shape at the door
cfb5c9520e	a CEO standing at a podium making a firm announcement with a raised hand, reporters taking notes, microphones, a new policy chart on a screen behind
35f6cf088d	a mayor at a podium in front of heavy snow falling outside, city hall doors closed with a closed symbol, employees leaving in winter coats
5785c1ef53	a traveler at a customs desk filling in a customs form while an officer looks at his suitcase, an airport hall with flags, passport in hand
701be9650a	a company spokesperson at a podium unveiling a new goals board with a target arrow, a lot of applauding staff, a formal press event
4e0f71e274	a company worker removing boxes of a product from a store shelf and loading them onto a cart, a manager pointing at the cart with a stop sign shape
d5abdd5284	a woman at a desk tearing up her job application form while holding a different job offer letter in her other hand, a calendar on the wall
433a54bf8e	a man at an ATM taking cash out of the machine and putting it into his wallet, a bank card in his hand, a queue of people behind him
bce122e04b	a store manager peeling a special offer sign off a window with a price tag stuck to it, shoppers looking disappointed, a price tag with an upward arrow
70efac50df	a runner in a marathon stepping off the track holding his knee in pain, a medic beside him with a bandage, other runners continuing past
b73a1a1339	a woman working at a desk in a government-style administrative office with filing cabinets and stacks of forms, a stamp and a phone, a tidy quiet room
0f6ea7ec7b	a clinic reception desk with a new smiling administrative assistant handling a large appointment calendar and phone, a patient waiting
f9d42312b2	a manager looking at a bar chart of office running expenses rising by a small step, paper stacks, rent and utility icons, a calculator
513d789cf4	an office worker pointing to a wrongly filled form with a red circle, a colleague holding a stack of delayed papers, a clock on the wall, apologetic mood
77348ed4dc	two business leaders shaking hands warmly across a table over a signed agreement, smiling, coffee cups, a friendly atmosphere
81ff6d50a5	two managers laughing and shaking hands at the end of a tense meeting, papers and coffee cups on the table, colleagues relaxed in chairs behind them
7183546d3f	a landlord and a tenant sitting at a kitchen table smiling and shaking hands over a signed paper, keys and a cup of tea between them
c0c707347e	a company owner and a business partner clinking coffee cups over a table in a warm meeting, a handshake icon and a heart symbol, sunlit office
9b7caeb659	a software engineer facing the same red bug icon popping up repeatedly on multiple monitors, a circular arrow, a calendar with the same error marked many days
0626e60fcb	a gym member paying at a reception desk with a calendar showing the same date circled on every month page, a circular arrow on a card
e8d0848cd2	a customer at a laptop setting up a payment schedule, a calendar with repeated dates, a circular arrow icon and a credit card beside the keyboard
fe26aa2059	a team sitting around a meeting table on a Monday morning with coffee, a wall calendar with every Monday circled in blue, a circular arrow icon
0dc8f5b909	a bright cosmetics store with rows of lipsticks and bottles on glass shelves, a shop manager unlocking the door, a downtown street through the window
3a48b88d3d	a woman opening a delivery box with lipsticks, powders, and small perfume bottles laid out on a desk, a laptop with a shopping page beside it
8a62adc6c0	a plastic surgery clinic reception with a doctor reviewing a face outline diagram, a mirror and a consultation desk, calm white room
10a7848e14	a website redesign shown as a new coat of paint on the same building, a designer changing colors on a screen while the structure underneath stays the same
1128434b80	a large sign placed on a busy hallway wall in a bright, eye-catching spot, employees walking by looking at it, an arrow pointing at the sign
aa7b6ae176	a scientist in a lab coat on a stage giving a talk about climate research, a large globe and graph behind her, a respectful audience
756b122334	a row of packages on a conveyor with a big bold logo shape printed on each package front, a worker checking them, warehouse light
3858c2b9bb	a stage at a business forum with several successful business leaders in suits sitting on a panel, a respectful audience, spotlights
646310dec9	a stock price chart with a small spark igniting a steep upward line, a trader looking amazed at a screen, a newspaper with a big picture of a factory
ef3a2b48ea	a hotel kitchen with smoke coming from a pan and a fire alarm on the ceiling ringing with sound wave shapes, a chef waving a towel
aa9ccdbf72	a chart of rising costs pointing an arrow at a new price tag with a higher number, a manager explaining at a whiteboard to staff
7322d3cbc6	an office door with a red alarm light flashing at night as a shadowy person enters after hours, an alarm bell on the wall, an empty dark office
fdefb63f97	a tourist in a museum gift shop holding a small souvenir figure, shelves of small gifts and postcards, the museum entrance behind
682ef50d0d	an airport shop with shelves of local snacks in small gift boxes, travelers buying boxes to take home, suitcases beside them
292c9eed92	a museum gift shop counter with a clerk flipping a sign to closed, souvenirs on shelves, a wall clock showing six, a customer hurrying in
837382cf99	participants at an event holding up T-shirts they received, a smiling volunteer handing out shirts from a box, a finish line banner behind
77162d3e17	a person at a bank counter handing a transfer form to a teller, a money arrow flying from one account icon to another, a laptop showing a send button
c8cb4a77c2	a technician on his knees behind a printer replacing a damaged frayed cable with a new one, tools and cable spools around him
95261c1ed6	a supplier's office where a worker looks happily at a computer screen with a green arrow showing money coming in, a bank building icon, early morning sun
e6ffa3c50b	an electrician on a ladder running cables through the ceiling of a new empty conference room, tools, a large table waiting to be set up
ef7b04948f	a person opening an envelope on a desk and pulling out an attached invoice paper with a paper clip, office setting, tidy desk
565bf4986f	a hotel garden surrounded by a tall stone wall with a wooden gate, guests relaxing on benches among flowers and a fountain
2dd9274f35	a business letter on a desk with a signed contract copy tucked in an open envelope, a paper clip, a pen and a stamp beside it
cdcd04c8aa	a person putting a filled-out form into a small provided return envelope, an envelope pile and stamps on a desk, tidy home office
0a49dff378	a modern apartment interior with a dishwasher, a washing machine, air conditioning and a sofa, an agent showing a couple around
404e0d58c5	a resort scene with a gym, a sauna room and two blue swimming pools visible in one view, guests relaxing, palm trees
dc9215d70c	a hotel room with a small tray, a wireless router symbol on the wall, toiletries in the bathroom, a welcoming guest
de9bbc6bdf	a house near a supermarket, a park, a bus stop and a school, a real estate agent pointing at a map with icons, a couple listening
583ddcf872	a woman taking a small sip of coffee from a cup before starting to speak at a meeting table, a steam swirl above the cup
2362ab9f2e	hotel guests sipping lemonade in glasses on a sunny terrace, waiting for a tour guide, a tour bus parked outside, garden chairs
b77e9dbfa4	a person blowing gently across a steaming hot tea cup and taking a small sip, cozy cafe table, a saucer and spoon
dcc8dedc18	a man finishing his coffee in a few quick gulps at a counter, an empty cup and a watch on his wrist, rushing to leave, a commuter bag
d68c9525eb	a tall white wind turbine on a green hill with a small crane and a few workers at the base, blue sky and clouds
80aed5129a	a single large wind turbine with lines connecting to about five hundred small house icons below it, blue sky, green field
767c0bed64	an offshore wind farm with rows of new white wind turbines rising from the sea, construction ships and cranes, a planner pointing at a map
cfba579e02	residents standing on a hillside near a wind turbine covering their ears, a noise sound wave shapes, a petition board, houses in the valley
3a4f22115d	a proud hotel manager pointing at a rooftop swimming pool with loungers and a city view, guests admiring it, a bright sunny day
86124f1668	a man in a sales office proudly puffing out his chest and pointing at a rising sales chart on the wall, coworkers rolling their eyes
031a13e85d	a city skyline map with many small restaurant icons, a tourist at a table with a menu choosing from many options, a proud mayor gesture
87b1369149	a small firm's staff proudly holding a trophy from an award ceremony, framed on the office shelf, celebration confetti, beaming faces
5079a28132	a company planner presenting plans with a big map of many shops opening, a shop front with racks of clothing, a growth arrow, an executive nodding
4d05dad4ae	a clothing store display of new jackets with a price tag showing a small amount beside a stack of jackets, a customer trying one on
e9acdf4db8	a woman in a store uniform arranging clothes on a rack with a mirror behind her, a framed picture of a shop front on the wall, a checkout counter
2f4679789b	two price tags side by side, a higher one on a store shelf next to a shopping bag and a lower one on a laptop screen, a shopper comparing them
1dd3b60118	an office with accountants at desks preparing money envelopes, a calendar with the end of the month circled, a stack of pay envelopes
66795b0592	a cafe owner shaking hands with three new part-time workers in aprons, a staff list board with three added faces, sunny summer morning
cb02c9fd29	a finance clerk handing out salary envelopes to lined-up employees, a calendar with the last Friday circled, a computer with a payment icon
bf17338445	a company front lobby with a large crowd of employees, a headcount board with a big group icon of three hundred people, a manager smiling
426b46a4d2	a very clean and shiny professional kitchen with spotless steel counters and neatly aligned pots, a chef inspecting it, sparkling surfaces
c499fdfc65	a woman handing in a perfectly formatted report to her manager, a checklist with every box ticked, a golden star on the paper, no red marks
6bd964613e	a spotless shining hotel lobby floor and glass tables, a receptionist standing straight, guests entering with suitcases, sparkling clean
c2907d3d53	a beautifully trimmed garden with neat hedges, even lawn edges and tidy flower beds, a gardener with clippers, seasonal changes shown in four small icons
f9434fbc4b	a person pressing a big red alarm button on a wall panel, a small bell icon glowing, a hand close-up, an office corridor
e315e5e749	a new employee at a laptop clicking an activation email link, a clock icon showing forty-eight hours, a green checkmark on a screen
a258ada08c	a person holding a brand new credit card, a phone showing a green check icon and a calendar with one day marked, a bank counter
74a0aed162	a ceiling with sprinklers spraying water on a small kitchen fire, smoke detector blinking on the ceiling, people leaving quickly, kitchen setting
cfccaeed1c	old file boxes and folders stacked on shelves in a dusty records room, an archivist pulling out a folder, a rolling ladder and a lamp
20e8238c5e	an office worker sliding a bundle of old email printouts into a labeled storage box, a calendar with Friday circled, shelves of boxes
af60ad4cc7	a person at a computer browsing a digital library page with magazine covers arranged in a grid, a stack of old magazines beside the screen
3d2e787062	a filing room with contract folders in labeled boxes on a shelf, a calendar showing seven years, a clerk sliding a box into place
bba98b3399	an employer handing a thick bonus envelope to a smiling employee, more envelopes on the desk, a cake and colleagues applauding
8336af1d61	an experienced woman patiently teaching two new employees at a computer, giving her time freely, a clock on the wall, a warm smile
720007e368	a festival stage with sponsors' banners in the background and a company representative handing a large check to organizers, cheering crowd
4d34585879	a large bright hotel room with a huge bed, a sofa and a big window view of the ocean, a guest smiling with arms wide
fcb5c6fb63	an employee receiving extra pay envelope beside a wall clock showing late hours and a stack of finished work, a manager handing money over
576b76f888	passengers at an airport counter receiving envelopes of money from an airline agent, a departure board with cancelled flights shown as red x marks
a7d56fd8d4	a job offer letter on a desk with icons for a wallet, a heart shield for health insurance and a calendar for vacation, a smiling candidate
2e220ac9cf	a waiter presenting a free dessert plate to a group of customers who waited a long time, a clock showing a long time, apologetic smile
38e9965961	a shipping clerk paying extra cash at a counter to send a parcel with a rocket icon on it, a courier truck outside, a clock speeding up
2145f1ee67	a woman at a visa office counter asking a clerk to hurry, holding a passport and papers, the clerk picking up a stack and rushing off
87796fb40f	a customer choosing an overnight delivery option on a laptop, a package with a rocket icon leaving a warehouse, a moon in the sky
8311e6f9b1	a person attaching a stack of documents to a form on a desk, a checklist with all boxes ticked, a clock ticking faster, a smiling clerk
eda1d5eaa3	a charity volunteer in a vest visiting local shop owners and holding out a donation box, smiling shopkeepers dropping in coins, main street
ac6cc0ed2e	a hotel front desk at checkout where a guest fills in a small feedback card with stars, a receptionist smiling, a suitcase beside the guest
aca52bb748	a city hall table where contractors submit sealed proposal folders for a bridge repair job, a bridge model on the table, officials collecting them
746921ac09	an apartment complex gate with a red prohibited symbol over a salesman carrying a briefcase and pamphlets knocking on a door, a resident shaking his head
cf52111a33	a young woman in a graduation gown standing in front of an old grand university building with tall columns, a proud smiling parent beside her
87cc0f7974	a hotel staff proudly holding a big golden trophy award on a stage with a spotlight, hotel building shown on a screen, a happy applause
01839d49cd	a grand law firm office with a dark polished wood conference table, leather chairs, law books on shelves, a city skyline view, dignified atmosphere
206eaac72c	a grand conference hall in a downtown skyscraper with a chandelier, a red carpet and elegant guests in formal wear, a big window view of the skyline
e6cbff92e1	an author at a desk surrounded by tall stacks of forty books, a pen in hand, a quill and paper, a wall shelf full of his books
c79efdb2eb	a heavy apple orchard with trees bending under thick clusters of red apples, crates of apples being loaded onto a truck heading to markets
2dd99687c1	a busy salesperson at a desk covered with signed contract folders, a large tally chart on the wall with many marks, a phone in hand, smiling
3cf5940c11	a film director at a desk with a wall of many film posters, one for each year, a calendar showing a new release each year, reels stacked
bdd9a976a1	full-time employees in an office receiving bonus envelopes from a manager while a part-time worker watches from the back, a green checkmark on the envelopes
dff353052a	a customer at a store checkout holding a receipt with a large total, a delivery box with a free shipping symbol appearing on the counter
ebcaa8157c	an employee at a desk holding a service medal, an HR manager showing a program brochure on a table with a green checkmark, calendar with one year
6f252861a4	a hiring manager holding a resume with a green checkmark and phoning a candidate, a stack of other resumes with red crosses on another table
8a4152a873	a part-time worker in an apron asking a smiling HR clerk a question, a heart shield health benefit poster with a question mark above her head
1070f51b09	an old hilltop castle in a small town with crowds of tourists taking pictures at its gate, a tour bus, a souvenir stall, sunny sky
a7563b1710	a job seeker looking at a job advert with a flexible clock icon and a smiling relaxed worker working from a sofa with a laptop
e87d02b235	a family with children at a new aquarium, big colorful fish tanks and a shark tunnel, a queue of visitors, kids pressing their faces to the glass
0b26e8b708	tourists walking along a street with a museum, a park with a fountain and old buildings, a map with several highlighted spots, sunshine
b1a388110a	a discount store crowded with shoppers carrying baskets, big red discount tags on shelves, an arrow drawing people toward the entrance, low price signs
3d77fae3c3	a printer with a paper tray, sometimes printing and sometimes stopped, a worker looking at a blinking light with a puzzled face, stopping and starting
09182db41e	an outdoor product launch stage with an audience under umbrellas, rain drizzling on and off, the sun peeking through, two weather icons alternating
75e8c81fe6	a man at his laptop with a wifi icon flashing on and off, an unplugged router with blinking lights, a wall clock showing morning
cc78b82a98	a smoke alarm on an office ceiling beeping with sound wave shapes, several clock faces around it showing different times of day, employees glancing up
9e74245fa5	an empty new office being filled with new desks, chairs and a carpet being rolled out, movers carrying a desk, boxes on the floor
2ffd7c426f	a rented apartment with a bed and a desk already inside, a landlord showing the room to a tenant, a bright window
bf5be8dddb	hotel staff carrying old beds, chairs and lamps out of a room while others carry in new ones, a renovation site, paint buckets
261c901d66	a home furnishing store with sofas, lamps and cushions on display, a couple browsing the shelf, small price tags, a friendly clerk
c8cb3b817c	a hotel receptionist handing a smiling guest a parking ticket with a small gift, a car in the background, the guest receiving it with thanks
0ce41bf245	a hotel courtesy shuttle van with an open door at a hotel entrance, a driver helping a guest load a suitcase, an airplane icon on the van, sunny morning
efb8583eb6	a call center worker on a headset smiling patiently at her desk while a caller speaks, a heart shape floating above, a warm friendly atmosphere
a2fb52675b	a train car where a man lowers his voice and a woman puts a finger to her lips, other passengers sitting quietly, a quiet zone symbol
d08c0079ab	a person in an office holding a phone and reading a calendar with tomorrow's date circled, a friendly reminder bell icon, a smiling face
74bb13105b	an airport baggage claim hall with a numbered luggage carousel loaded with suitcases going around, travelers waiting and pulling bags off it
6ed35d1c81	a group of tired passengers standing around a luggage carousel watching for their bags, a clock showing an hour later, empty belt
4d12832ea8	a baggage carousel starting to move as suitcases begin to slide out through the rubber flaps, passengers leaning forward with expectation
c834e87fec	airport workers installing two new luggage carousels in a terminal hall, a conveyor belt being fitted, tools and a lift, travelers watching
e71b361d0d	a bank on one side of a street and a woman standing at the crossing looking across to it on the opposite side, a crosswalk, cars in the road
c71e177bd7	a manager looking surprised at a sales chart that is climbing sharply upward, a prediction chart falling in the background, staff cheering
0ff4461c42	a small post office building directly facing a city library across a street, a mailbox in front of one and bookshelves visible in the other
68097c1ba6	two managers sitting at opposite ends of a table with arms crossed, each pointing in opposite directions, a policy paper in the center, tension
cdd17643f8	a very busy hectic office full of ringing phones and running workers, a calm quiet-week sign shape crossed out, a sweating manager
bd78a8b0ed	a company presenter on a stage unveiling a new smartphone under a spotlight, a cheering audience, a large screen behind him
feadc08b05	a large crowd of reporters with cameras and microphones around a product on a stage, a big curtain being pulled away, flashing cameras
0e3c6e6c73	a city official pointing at a map and a water pipe leaking, inspectors with clipboards entering a building, a magnifying glass, the start of an investigation
c8e7c2f8aa	a rocket standing on a launch pad under stormy clouds, engineers in a control room watching a calendar with a red delay mark, rain outside
b74963a623	a map of Europe with many small pins lighting up, a team applauding in front of a screen showing a new app icon, celebration
d2193baf4f	a gardener in gloves trimming a green hedge in front of a building with shears, neatly cut leaves falling, sunny day
0210b3a2c3	a white dress on a mannequin with a delicate lace edge along the collar, a tailor adjusting it, sewing tools nearby
0fcc6f6810	a manager cutting a stack of budget paper with big scissors while a red downward arrow shows a ten percent drop, a worried finance team
62ee0607bf	a woman in a hair salon chair with a hairdresser trimming just the ends of her hair, a mirror, a pair of scissors, small hair clippings on the floor
b8c992d8f4	a team leader at a whiteboard with a big target and arrow, a downward cost chart, team members looking at the target, meeting room
d9cb1c869d	two outside experts sitting at a table calmly reviewing a proposal without bias, a scale in balance icon on the table, a neutral atmosphere
d3e1f812be	a workshop room with three large numbered target boards on a paper stand, participants holding handouts with three target icons, a presenter pointing
5b5e1b040e	a woman at a desk looking at her own drawing with a critical eye, a set of scales in balance beside her, a mirror reflecting her calm face
ac88e1efc9	a manager at a meeting pointing at a target with an arrow labeled by an online shopping cart icon, a rising sales graph, a calendar quarter marked
3869e17a90	a gift box open with an assortment of different chocolates of many shapes and colors in a tray, a hand picking one, ribbon and paper
ae3994e95f	a gift basket filled with different types of cheeses and crackers, grapes, and a ribbon on the handle, on a wooden table
734e0c0daf	a stack of notebooks in many different colors and sizes fanned out on a desk, pens beside them, a bright stationery store shelf
ca435331c6	a large tray of mixed sandwiches of different fillings placed on a meeting room table among papers and coffee cups, colleagues reaching for them
ab10b8da79	store staff in uniform confidently explaining a product to a customer holding a gadget, shelves of products, a helpful smile
35b5e4455c	a tour guide in front of a group of tourists pointing at an old city landmark, a history book in hand, tourists listening with interest
dcceee6005	a workshop leader in front of a class with a laptop connected to a big screen, a lightbulb icon over her head, an experienced instructor
b3d8a0a3c5	a woman in a tax department office with a wall of books and files behind her, a colleague coming to ask her a question, a lightbulb icon
2a6e59d223	a street with a no-parking symbol on a pole, a car parked in front of it and a traffic officer writing a ticket, a warning triangle
9b42fdbfa5	an airline counter with a carry-on bag being measured in a metal size frame, a traveler struggling to stuff it in, a clerk shaking her head
4fbf952dfe	a storm passing away over a road with blue sky returning, a road barrier being lifted, cars and buses moving again, travelers relieved
fe9b2f4cd8	hotel guests happily swimming in a pool with no clock in sight, a hotel attendant smiling, a sign with an infinity symbol, sunny day
0eeb00fffc	a manager pointing at a strict overtime limit line on a wall chart, tired employees leaving on time with bags, a red barrier icon across a clock
e9888bf4d5	an Italian restaurant kitchen with a chef in a tall hat making fresh pasta by hand, tomatoes and basil, a wood-fired oven, a flag of Italy colors
fc76c01ea4	an antique expert with a magnifying glass examining an old vase on a table, a smiling shop owner, a green check mark shape hovering over the vase
fa8a2e099a	a boxed handbag with a shiny seal certificate placed next to it, a customer inspecting it, a shop clerk smiling, a checkmark badge
ab1dd56689	tourists in a village learning to cook with a local family in a wooden house, wearing aprons, rice fields and old houses outside
108a20f890	a hotel front desk with a display of prepaid phone cards, a guest paying for one, a receptionist smiling, a rack of cards
bc5ab70c46	a stack of return boxes with a shipping label already attached at a store counter, a cashier handing a box to a customer, a paid tag on the label
2d9e77eec1	a tour desk with a travel agent taking payment from a couple a week before departure, a calendar with a circled date seven days before, a brochure
8990814d17	a person putting a completed survey form into an envelope with a stamp already printed on it, a mailbox outside the window, a tidy desk
8cbdafee87	a manager holding up a late payment invoice with a red stop hand sign, a contractor looking uneasy, a calendar with an overdue date marked
698e831f5b	an office where employees wear casual jeans and sneakers while colleagues chat, a calendar with Friday circled, relaxed atmosphere
0e7282345a	two business partners shaking hands over a table after finally agreeing on a price tag placed between them, both smiling with relief
5df6911d95	a worker at a computer asking her manager a question about sending a report by email, a green thumbs-up and an envelope icon on the screen
5583fea05e	a project plan diagram with a small circle growing into a larger circle, a manager drawing the bigger boundary on a whiteboard, team watching
30e8bf60a0	a manager looking at a price chart whose line has already hit the floor, a small gap with almost no space left below it, shaking his head, sale tags on a table
dd7952d9f8	a conference room where a manager points at a whiteboard with a topic outside a drawn boundary line, an attendee raising a hand, agenda on the wall
8ff8011cad	engineers walking around a construction site with plans and a measuring wheel, one looking through a level instrument, before any drawings are made
7a7356015d	a company building growing taller floor by floor in stages, a plant sprouting fast beside it, a fast upward arrow, people watching amazed
e477b4b592	a ticket office window with a long line of fans and a sold-out card, a person waving tickets at a fast clock, a concert hall in the background
8b43d9275a	a modern growing company with a crowd of new employees at a hiring fair, tall building under construction, an upward arrow, many resumes
a00edd002e	a scientist looking at a rapidly changing chart of technology icons like a laptop, chip and robot, arrows speeding upward, a blurred motion effect
c5219c893f	a hotel lobby filled with pots of green decorative plants and flower arrangements, a staff member watering them, a shiny marble floor
6b66ca2b50	a cafe patio at dusk with strings of decorative lights hung between wooden posts, customers at tables enjoying drinks, warm glow
74959b6916	a stack of fancy embroidered cushions on a sofa in a nicely decorated living room, a hand holding a laundry basket kept away by a small crossed-out washing symbol
b5ac9ad124	an elegant invitation card lying on a table with a golden border decoration around its edge, a pen and a small bouquet beside it
3de45608c9	a manager standing at a meeting table speaking briefly for a moment with one finger raised, an open notebook, attendees listening, a clock at a short time
efb2b9df5c	a store with a small closed sign on the door and staff counting stock on shelves with clipboards, a Sunday morning clock, a few customers waiting outside
ae9f5f6d6e	two coworkers stopping in a hallway after a meeting for a quick word, one raising a finger to ask for a moment, coffee cups in hand
9e233d5cf3	a presenter at a whiteboard summarizing a proposal in two short points, a cost arrow going down and a clock icon shrinking, listeners nodding
94701c8371	a hiring manager looking at a graphic designer's colorful portfolio of drawings with an impressed face, a tablet and pens on a desk
52fc491752	a theater stage with several young actors rehearsing a summer play, a director watching from the front row, costumes and stage lights
3fa504eba1	a woman designer confidently solving a puzzle on a design board, a lightbulb over her head, colleagues admiring her sketches
ed910bd443	an engineer at a workbench with a blueprint and a working machine model, a spotlight on her, colleagues looking on with admiration
52149232c9	a cafeteria table with a free lunch tray being handed out to smiling office workers, a small gift ribbon icon beside the plate
43557f02e9	a company car parked in a reserved space with a bow on its hood, a senior manager holding car keys, a smiling driver, an office building behind
ef3cdbca83	an employee holding a free gym membership card beside a list of small reward icons like a gift box, a coffee mug and an airplane, smiling
8d6ac3f220	a businessperson at an airport with a suitcase, looking out of an airplane window at clouds and a foreign city below, happy about traveling abroad
977943707e	a nurse holding up a thermometer and reading it carefully, a patient sitting on a hospital bed, a clipboard on the wall
03ee5ff5fb	a storage room with a big thermometer on the wall showing a red high level, a worker looking at it with concern, boxes and shelves
54e0203aca	a thermometer on an office building wall outside in winter, snow on the ground, a person in a coat leaning to read it, his breath visible
a4c24b4fe7	a kitchen with a row of refrigerators each with a small digital thermometer stuck on the door, a chef checking one, stainless steel surfaces
c25bfa3ec8	a shiny modern kitchen appliance like a coffee machine and blender on a counter, a warranty ribbon shape beside them, a smiling shopper
edeb340ee2	a delivery truck unloading a large refrigerator and washing machine at a customer's home, a delivery worker with a dolly, a smiling homeowner
6a308ed591	an office worker unplugging electric appliances like a desk lamp, a coffee maker and a monitor before leaving, coat over his arm, dark room
4fe55f2d14	a big factory with an assembly line of finished household appliances like refrigerators, ovens and fans, a map of Asia icon with pins, workers in uniform
dfaad8d035	two colleagues looking at a wall calendar with Tuesday circled, one nodding with a thumbs-up at the other, a meeting room ready with chairs
c686f951d0	a young man in a dark tailored suit and tie at a job interview, shaking hands with an interviewer, a briefcase beside his chair
94f8c7eb24	a man trying on a blue necktie in a mirror at a clothing store, a friend giving a thumbs-up, a clerk smiling, a rack of ties
3a274ed320	a family with two small children in a bright spacious apartment with a play area and toys, a real estate agent showing them around, a checkmark shape
e7c15eebad	a company representative bowing slightly with a hand on her chest at a service desk, a customer holding an order box with a clock showing a delay
35d2c9fe62	a hotel manager bowing politely to a group of guests in a lobby while renovation noise is represented by a drill and scaffolding through the window
040b425490	a manager pointing at a wrong invoice with a red circle and telling an employee to speak to a client on the phone, the employee nodding
7ea532e78b	a manager writing a letter at a desk with a sorry expression, a late delivery truck icon and a clock on the wall, an envelope and a pen
bc8e27f25f	a moving truck and stacked boxes with several price tags, an expense receipt list attached to the truck, a worried family looking at the total
5b328828d7	a woman in a business suit shaking hands with a charity volunteer in front of several charity booths with banners, a heart emblem on each
2c3876aef7	a doctor pointing at a heart diagram with a cigarette shape on one side and a warning triangle, a patient looking worried
04c8c3c768	a final bill paper with several small extra fee lines added to the bottom, a calculator and a pen, a customer pointing at them, a cashier explaining
e72c775de5	a chart of a very tall tower of coins and a smiling CEO holding up a huge profit bar graph, staff applauding in the background
cd21c09896	a shopping mall opening day with an enormous crowd pushing through the entrance, ribbon cut on the floor, balloons, security guards holding the crowd
0f0cafa07f	a vast warehouse interior with towering shelves full of thousands of boxes, a tiny worker with a forklift at the bottom, a huge ceiling
71300e631f	employees carrying heavy moving boxes out of an old office toward a big moving truck, a headquarters building sign shape, exhausted but determined
aad8400e84	a manager pointing at a project timeline where the bar is clearly too short and a clock is running out, the team nodding as it is clear
52250949f5	an accountant pointing a pen at an obvious mistake highlighted in bright yellow on an invoice, a calculator and a magnifying glass on the desk
aa22fa3a53	a manager pointing at a chart with a clear arrow showing hiring more staff as the easy answer, a tidy plan on a board, colleagues nodding
db414c9eb1	a confidential deal folder with a lock and a stamp on a table, two executives with a finger to their lips looking toward a door, a closed office
7409d1e301	a man hiding a broken cup behind his back while his boss stands at the door, a broken cup on the floor, nervous smile
4c6f23669c	a new tall wooden fence covering the view of a parking lot from a sidewalk, cars barely visible behind it, a small tree in front of it
b93fa77a1e	electrical wires hidden behind wall panels in a room, an electrician opening a panel to show hidden cables, a panel and a screwdriver
e962522e7d	a woman at her desk trying to hold back a smile of excitement as she reads a promotion letter, a colleague noticing her, a bouquet
ffd2e55816	a restaurant server with a notepad talking with a guest, a menu with a gluten-free and vegetarian leaf icon, a table setting
337662a974	a nutritionist in a white coat showing a hospital patient a plate divided into vegetables, protein and grains, a diet chart made of pictures
c90900d56c	a chef in a kitchen listening to a guest who points at a food allergy icon on a card, ingredients on the counter, a serious look
e556d2a6d1	a shelf of vitamin bottles and herbal supplement jars in a store, leaves and natural ingredients around, a shopper reading a label
9b530154ca	a passenger at an airline counter pointing toward an aisle or a window seat on a seat map picture, a check-in clerk with a keyboard
7835a0729c	shoppers at a market stall choosing local products with a heart symbol above a basket of local vegetables, imported goods left on a shelf
08abd0e768	a person at a laptop marking a seat map on a registration form, a checkbox for window seat and an aisle icon, a hotel conference room behind
235baa030e	an interviewer with a resume of a candidate holding a Spanish flag pin, a star above the candidate, other candidates waiting behind
1077260f99	a person marking three calendar dates on a page with numbers one, two, three as symbols, a heart on the first date, a pen in hand
7a89a37228	a Christmas tree covered with shiny round baubles and stars, a child reaching to hang one, warm lights and gifts under the tree
05cb2a19bc	a gift shop counter with handmade colorful glass baubles and small figures displayed under lights, an artist handing one to a customer
4f9fe10bf6	a small brass figurine of a bird sitting on a reception desk beside a bell and a plant, a receptionist smiling behind
39559e1455	a hotel lobby decorated with small statues and masks and lamps from many countries, a world map on the wall, a guest looking with fascination
446ed4dae8	a couple handing an envelope of money to a house agent in front of a new house with a for-sale sign, keys held in the agent's hand
2fa2e16734	a banquet hall with tables and flowers being reserved, a couple giving a small amount of cash to a hotel staff member at a desk, a calendar
09de6ea1c8	a customer smiling behind the wheel of a new car at a dealership, a salesman handing over the keys, an empty wallet icon crossed out
c21ea00a6f	a person at an office equipment store holding a printer box and looking at a price tag, a salesperson pointing at an upfront cash symbol, a laptop and desks
c301db8aab	a violent storm with big waves crashing over the harbor and flying roofs of small coastal houses, dark clouds, a lighthouse, wind bending palm trees
6a6fe140bd	a factory closed with a locked gate, workers standing outside with sad faces and holding lunch boxes, a stunned man with a hand over his mouth
862f3705e6	a small town with a flooded main street, wrecked shops, mud on the floor, residents with buckets and a broken bridge, a gray cloudy sky
e471039266	a burned-out shopping street after a fire with blackened shop fronts, shuttered stores, a worried shop owner looking at a falling economy chart
e7ea4d0a33	a parliament-style hall with lawmakers voting at desks, a gavel and a thick law book, a calendar with two years crossed out on the wall
042185d1fc	a business owner at a desk updating a policy binder while a calendar shows a new tax law date approaching, a calculator and a receipt pile
5e1c2cf5b2	a group of business people in suits holding a big banner shape and pointing toward a bill on a stand at parliament, a stopwatch symbol to show urgency
