f63e8da81c	engagement	The couple announced their [engagement] at the company party.	그 커플은 회사 파티에서 【약혼】을 발표했다.
086b6d6751	engagement	Ms. Hill has several speaking [engagements] next month.	힐 씨는 다음 달 여러 건의 강연 【일정】이 있다.
ca63fa1342	identical	The two products are almost [identical].	두 제품은 거의 【동일하다】.
44e7c3539f	identical	Every branch uses [identical] forms for customer complaints.	모든 지점은 고객 불만 접수에 【동일한】 양식을 사용한다.
932f033be5	identical	The new model is [identical] to the old one except for its color.	새 모델은 색상만 빼면 이전 모델과 【똑같다】.
a2aa340710	identical	All the hotel rooms on this floor look nearly [identical].	이 층의 호텔 객실은 모두 거의 【똑같아】 보인다.
0bcc94aa4b	definitely	I will [definitely] attend the workshop.	나는 워크숍에 【확실히】 참석할 것이다.
0b453ebd22	definitely	The new branch is [definitely] larger than the old one.	새 지점은 예전 지점보다 【확실히】 더 크다.
e4d5d5f612	definitely	The client [definitely] wants the report before the weekend.	고객은 【분명히】 주말 전에 보고서를 원한다.
6733dbb4e0	definitely	The new design is [definitely] an improvement over the old one.	새 디자인은 이전 것보다 【확실히】 나아졌다.
83eac57cf4	definitely	The price is [definitely] not the only factor in our decision.	가격이 【확실히】 우리 결정의 유일한 요소는 아니다.
3537645ae2	historically	The town has [historically] depended on fishing.	그 마을은 【역사적으로】 어업에 의존해 왔다.
68c12067d0	historically	The building was [historically] used as a train station.	그 건물은 【역사적으로】 기차역으로 쓰였다.
fd6c09dd09	historically	[Historically], sales have been strongest in December.	【역사적으로】 매출은 12월에 가장 높았다.
4e11be5612	historically	The old market is a [historically] important part of the city.	그 오래된 시장은 도시의 【역사적으로】 중요한 곳이다.
5c12dd854c	periodically	The equipment is [periodically] inspected.	장비는 【주기적으로】 점검된다.
292a58e88c	periodically	Please back up your files [periodically] to avoid losing data.	데이터 손실을 막으려면 파일을 【주기적으로】 백업해 주세요.
518e438ae1	periodically	Prices are reviewed [periodically] to stay competitive.	경쟁력을 유지하기 위해 가격을 【주기적으로】 검토한다.
6a7f4c5ab6	periodically	The manager [periodically] checks in with remote workers.	관리자는 원격 근무자들에게 【주기적으로】 안부를 확인한다.
cfac438f49	missing	Report any [missing] items to the manager.	【분실된】 물품이 있으면 관리자에게 알리세요.
badfac5282	missing	The shipment arrived with two boxes [missing].	배송품이 도착했는데 상자 두 개가 【없어졌다】.
2c7f763c88	missing	One of the pages in the contract is [missing].	계약서의 한 페이지가 【없어졌다】.
98a79c28f7	missing	Staff searched the office for the [missing] keys.	직원들은 【분실된】 열쇠를 찾아 사무실을 뒤졌다.
236e728d6d	missing	Please fill in the [missing] information on the form.	양식에 【빠진】 정보를 채워 주세요.
58f176989a	scaffolding	Workers put up [scaffolding] around the building.	작업자들이 건물 주위에 【비계】를 세웠다.
ddee4eb13c	scaffolding	The [scaffolding] will be removed once the painting is finished.	도색 작업이 끝나면 【비계】가 철거될 것이다.
a67425f02f	scaffolding	The front of the museum is covered in [scaffolding].	박물관 정면이 【비계】로 덮여 있다.
505820cf97	scaffolding	A worker is standing on the [scaffolding] outside the window.	한 작업자가 창문 밖 【비계】 위에 서 있다.
25ed3733dc	respectfully	We [respectfully] request an extension.	【정중히】 연장을 요청드립니다.
f42ea32100	respectfully	Guests are asked to dress [respectfully] when visiting the temple.	방문객은 사원을 찾을 때 【예의 바르게】 옷을 입어 달라는 요청을 받는다.
bf84c426b1	respectfully	We [respectfully] decline your offer at this time.	저희는 이번에는 귀하의 제안을 【정중히】 거절한다.
97186644df	respectfully	The staff listened [respectfully] to the customer's complaint.	직원들은 고객의 불만을 【정중하게】 들었다.
6227271309	policy	The company has a strict privacy [policy].	회사는 엄격한 개인정보 【정책】을 갖고 있다.
aacdc030f7	policy	According to store [policy], sale items cannot be exchanged.	매장 【방침】에 따라 할인 상품은 교환할 수 없다.
4b7b8afc62	policy	The new [policy] takes effect on July 1.	새 【정책】은 7월 1일부터 시행된다.
1533480024	policy	Please read our return [policy] before making a purchase.	구매하기 전에 저희 반품 【규정】을 읽어 주세요.
c42d80c4f5	policy	The government announced several [policies] to support small businesses.	정부는 소기업을 지원하는 여러 【정책】을 발표했다.
18d1260289	contact	Please keep in [contact] with the client.	고객과 계속 【연락】을 유지해 주세요.
381875549c	contact	Ms. Brown is the main [contact] for questions about the event.	브라운 씨는 행사 관련 문의의 주요 【연락】 담당자이다.
d75834a919	contact	Please update your [contact] information in the system.	시스템에서 【연락처】 정보를 업데이트해 주세요.
a1f36f102b	contact	Ms. Park has many useful [contacts] in the fashion industry.	박 씨는 패션 업계에 유용한 【인맥】이 많다.
d3a0d8179d	contact	Avoid [contact] with the skin when using this cleaner.	이 세제를 사용할 때는 피부와의 【접촉】을 피하세요.
715f6883c8	remain	Prices will [remain] the same until March.	가격은 3월까지 그대로 【유지될】 것이다.
53c9294dbb	remain	Only a few tickets [remain] for Saturday's performance.	토요일 공연 표는 몇 장만 【남아 있다】.
9544857794	remain	Please [remain] seated until the bus comes to a stop.	버스가 멈출 때까지 【계속】 앉아 계세요.
18804c0e8e	remain	The cause of the delay [remains] unclear.	지연 원인은 【여전히】 분명하지 않다.
ef9b24ece5	remain	Mr. Cho will [remain] in his position until a replacement is found.	조 씨는 후임자가 정해질 때까지 그 자리에 【남는다】.
c45e8577cb	sustain	The company could not [sustain] its rapid growth.	회사는 빠른 성장을 【지속할】 수 없었다.
285632e6f4	sustain	The new supplier can [sustain] our current level of production.	새 공급업체는 현재의 생산 수준을 【유지할】 수 있다.
54df24d2fa	sustain	Regular exercise helps employees [sustain] their energy throughout the day.	규칙적인 운동은 직원들이 하루 종일 에너지를 【유지하도록】 돕는다.
477f818ed7	sustain	The store has enjoyed [sustained] growth for five years.	그 상점은 5년 동안 【지속적인】 성장을 누려 왔다.
25ebebe717	weekday	The office is open only on [weekdays].	사무실은 【평일】에만 문을 연다.
0c67a55ca9	weekday	Deliveries are made on [weekdays] between 9 a.m. and 5 p.m.	배송은 【평일】 오전 9시부터 오후 5시 사이에 이루어진다.
e7b1bfcb59	weekday	The gym is less crowded on [weekday] mornings.	체육관은 【평일】 아침에 덜 붐빈다.
80cfbc9ac8	weekday	Our [weekday] hours are from 8 a.m. to 6 p.m.	저희 【평일】 영업시간은 오전 8시부터 오후 6시까지다.
9e0721c5fb	follow	Please [follow] the instructions carefully.	지시 사항을 주의 깊게 【따라】 주세요.
a52e24a7b7	follow	A guide will [follow] the group throughout the factory tour.	공장 견학 내내 안내원이 일행을 【따라다닐】 것이다.
56590b0343	follow	Please [follow] me to the conference room.	저를 【따라】 회의실로 오세요.
b2e33a7321	follow	All visitors must [follow] the safety rules in the lab.	모든 방문객은 실험실에서 안전 규칙을 【준수해야】 한다.
d8e9d9a60f	follow	The presentation will be [followed] by a question-and-answer session.	발표에 【이어】 질의응답 시간이 있을 것이다.
c886230fbf	portrait	A [portrait] of the founder hangs in the hall.	창업자의 【초상화】가 홀에 걸려 있다.
50de8fbcb4	portrait	The book gives a vivid [portrait] of life in a small fishing town.	그 책은 작은 어촌의 생활을 생생하게 【묘사한다】.
72446d455d	portrait	The artist was hired to paint a [portrait] of the chairman.	그 화가는 회장의 【초상화】를 그리는 일을 맡았다.
e8e6fcf334	portrait	The museum's new exhibit features [portraits] of local farmers.	박물관의 새 전시에는 지역 농부들의 【초상화】가 걸려 있다.
c877194081	accountable	Managers are [accountable] for their team's results.	관리자는 팀의 결과에 【책임이 있다】.
302a94863f	accountable	Each employee will be held [accountable] for the equipment assigned to them.	각 직원은 자신에게 지급된 장비에 대해 【책임을 지게】 된다.
7d5bb82c86	accountable	The new system makes each department more [accountable].	새 시스템은 각 부서가 더 【책임을 지게】 만든다.
7f9f5ae732	accountable	Board members are [accountable] to the shareholders.	이사회 구성원들은 주주들에게 【책임이 있다】.
239da4fde2	vegetable	The market sells fresh [vegetables] every morning.	그 시장은 매일 아침 신선한 【채소】를 판다.
3462087b86	vegetable	The café serves a [vegetable] soup made with local produce.	그 카페는 지역 농산물로 만든 【채소】 수프를 판매한다.
8ef1f4ee42	vegetable	Customers can grow their own [vegetables] in the community garden.	고객은 공동 텃밭에서 직접 【채소】를 기를 수 있다.
34721be1db	vegetable	The chef cut the [vegetables] into small pieces.	요리사가 【채소】를 작은 조각으로 썰었다.
15f592e78a	harbor	The ship entered the [harbor] at dawn.	배는 새벽에 【항구】로 들어왔다.
c88497c742	harbor	Many rooms at the Seaview Hotel overlook the [harbor] and its fishing boats.	씨뷰 호텔의 많은 객실에서 【항구】와 어선들이 내려다보인다.
a981af5d65	harbor	Several boats are docked in the [harbor].	여러 척의 배가 【항구】에 정박해 있다.
2a532e535d	harbor	The restaurant offers [harbor] views from every table.	그 식당은 모든 테이블에서 【항구】 전망을 제공한다.
a2a65efeb7	coordinate	She will [coordinate] the schedules of both teams.	그녀는 두 팀의 일정을 【조정할】 것이다.
770883d4a1	coordinate	The app shows the exact [coordinates] of each delivery address.	그 앱은 각 배송 주소의 정확한 【좌표】를 보여 준다.
c9c317cbc8	coordinate	Ms. Lee [coordinated] the move to the new office.	이 씨가 새 사무실로의 이전을 【총괄했다】.
8e4b1a5fbf	coordinate	We need someone to [coordinate] with the catering company.	출장 연회 업체와 【조율할】 사람이 필요하다.
502035ae00	coordinate	The event was well [coordinated] from start to finish.	행사는 처음부터 끝까지 잘 【조직되었다】.
c6eb14589e	motivate	Bonuses help [motivate] the sales team.	보너스는 영업팀에 【동기를 부여하는】 데 도움이 된다.
bb1a104e4c	motivate	The manager was [motivated] by the chance to lead a new team.	그 관리자는 새 팀을 이끌 기회에 【의욕이 생겼다】.
7d784538c8	motivate	Ms. Kim knows how to [motivate] new employees.	김 씨는 신입 직원에게 【동기를 부여하는】 법을 안다.
586d19a476	motivate	We are looking for highly [motivated] candidates.	저희는 【의욕이】 넘치는 지원자를 찾고 있다.
5a69ed6835	motivate	Flexible hours [motivated] staff to work more efficiently.	유연 근무제는 직원들이 더 효율적으로 일하도록 【동기를 부여했다】.
223ebe29ed	found	The company was [founded] in 1985.	그 회사는 1985년에 【설립되었다】.
56b5517f44	found	Mr. Tanaka plans to [found] a small design studio next year.	다나카 씨는 내년에 작은 디자인 스튜디오를 【설립할】 계획이다.
f27d250248	found	Two former engineers [founded] the software company.	전직 엔지니어 두 명이 그 소프트웨어 회사를 【설립했다】.
5590dfd275	found	Since it was [founded], the charity has helped thousands of families.	【설립된】 이후로 그 자선 단체는 수천 가족을 도왔다.
6142369c77	amend	The committee voted to [amend] the rules.	위원회는 규정을 【개정하기로】 표결했다.
da028e11f1	amend	Please [amend] the invoice to show the correct delivery date.	올바른 배송 날짜가 나오도록 청구서를 【수정해】 주세요.
27d13dc53d	amend	The contract was [amended] to include a new payment schedule.	계약서는 새 지급 일정을 포함하도록 【수정되었다】.
6a28b2f42c	amend	Ms. Diaz sent an [amended] version of the report.	디아즈 씨가 보고서의 【수정】본을 보냈다.
4732c33b63	validate	Please [validate] your parking ticket at the desk.	데스크에서 주차권을 【승인받아】 주세요.
9330eba7c0	validate	Customer surveys [validated] the need for longer store hours.	고객 설문 조사는 매장 운영 시간을 늘려야 한다는 점을 【입증했다】.
b0f9c6a537	validate	Your password must be [validated] before you can log in.	로그인하려면 비밀번호가 먼저 【확인되어야】 한다.
bdeadff039	validate	The lab tests will [validate] the accuracy of the new device.	실험실 검사로 새 기기의 정확성을 【입증할】 것이다.
af80c431e3	ventilation	The kitchen needs better [ventilation].	주방에 더 나은 【환기】가 필요하다.
12f92de980	ventilation	Open the windows to improve [ventilation] while painting the room.	방을 칠하는 동안 【환기】가 잘 되도록 창문을 열어 두세요.
d427b27ba3	ventilation	Poor [ventilation] can make the office feel stuffy.	【환기】가 잘 안 되면 사무실이 답답하게 느껴질 수 있다.
353bbfba36	ventilation	The new [ventilation] system will be installed next week.	새 【환기】 시스템이 다음 주에 설치된다.
3eb7aa1a07	contaminate	Chemicals could [contaminate] the water supply.	화학 물질이 상수원을 【오염시킬】 수 있다.
047acc5479	contaminate	Wear gloves so you do not [contaminate] the food samples.	음식 샘플을 【오염시키지】 않도록 장갑을 착용하세요.
23f2007fd1	contaminate	The river was [contaminated] by waste from the factory.	그 강은 공장 폐기물로 【오염되었다】.
6a1b94cfc7	contaminate	[Contaminated] products were removed from the shelves immediately.	【오염된】 제품은 즉시 진열대에서 치워졌다.
43bdfc3291	deplete	Overfishing could [deplete] fish stocks.	남획이 어류 자원을 【고갈시킬】 수 있다.
c266df1bb1	deplete	The holiday rush quickly [depleted] the store's supply of gift boxes.	연말 성수기에 매장의 선물 상자 재고가 빠르게 【바닥났다】.
7ff3dd35a8	deplete	Our stock of printer paper is almost [depleted].	프린터 용지 재고가 거의 【바닥났다】.
75e967d2ac	deplete	Heavy use can [deplete] the battery within a few hours.	많이 사용하면 몇 시간 만에 배터리가 【크게 줄어들】 수 있다.
64a11142ad	pesticide	The farm uses no chemical [pesticides].	그 농장은 화학 【농약】을 사용하지 않는다.
41b89c54ad	pesticide	Store the [pesticide] away from food and out of children's reach.	【살충제】는 음식과 떨어진 곳, 아이들 손이 닿지 않는 곳에 보관하세요.
9c1298fcf4	pesticide	The farmers spray [pesticide] on the fields once a month.	농부들은 한 달에 한 번 밭에 【농약】을 뿌린다.
f776763ec6	pesticide	These apples are grown without the use of [pesticides].	이 사과는 【농약】을 쓰지 않고 재배된다.
2f8325006d	emission	The new engine reduces carbon [emissions].	새 엔진은 탄소 【배출】을 줄인다.
25006ba13f	emission	The factory must report its [emissions] to the city every quarter.	그 공장은 분기마다 시에 【배출량】을 보고해야 한다.
1b4384570e	emission	The city has strict limits on vehicle [emissions].	시는 차량 【배기가스】에 대해 엄격한 제한을 두고 있다.
177d794579	emission	The plant aims to cut its [emission] levels in half.	그 공장은 【배출】 수준을 절반으로 줄이는 것을 목표로 한다.
63666b12da	synthetic	The jacket is made of [synthetic] fibers.	그 재킷은 【합성】 섬유로 만들어졌다.
377e05cc21	synthetic	Most of the [synthetics] used in our carpets can be recycled.	우리 카펫에 쓰이는 【합성 물질】 대부분은 재활용할 수 있다.
75290315f5	synthetic	The company switched from [synthetic] to natural dyes.	그 회사는 【합성】 염료에서 천연 염료로 바꿨다.
7b007cffde	synthetic	[Synthetic] materials are often cheaper than natural ones.	【합성】 소재는 대개 천연 소재보다 저렴하다.
50dff0cf7c	artificial	The drink contains no [artificial] flavors.	그 음료에는 【인공】 향료가 들어 있지 않다.
aa7a61f758	artificial	The hotel lobby is decorated with [artificial] plants that need no care.	호텔 로비는 손질이 필요 없는 【인조】 식물로 꾸며져 있다.
07c82e3a5f	artificial	The stadium uses [artificial] grass instead of real grass.	그 경기장은 천연 잔디 대신 【인조】 잔디를 사용한다.
eeb1a112a5	artificial	Critics said the price increase was [artificial].	비평가들은 그 가격 인상이 【인위적이라고】 말했다.
18da24aeae	adopt	The company decided to [adopt] a new logo.	회사는 새 로고를 【채택하기로】 했다.
74b14029c8	adopt	The couple decided to [adopt] a dog from the local animal shelter.	그 부부는 지역 동물 보호소에서 개를 【입양하기로】 했다.
045762f3a7	adopt	The new guidelines were [adopted] by all branches.	새 지침은 모든 지점에서 【채택되었다】.
2c204b50bf	adopt	Many firms are [adopting] a four-day workweek.	많은 회사가 주 4일 근무제를 【도입하고】 있다.
1146b3ff3d	anonymous	An [anonymous] donor gave $1 million.	【익명의】 기부자가 100만 달러를 기부했다.
c8c9c32b6f	anonymous	Employees can submit [anonymous] feedback through the online survey.	직원들은 온라인 설문을 통해 【익명으로】 의견을 제출할 수 있다.
04bef831c8	anonymous	All survey responses will be kept [anonymous].	모든 설문 응답은 【익명】으로 처리된다.
1f2590d606	anonymous	The caller wished to remain [anonymous] for personal reasons.	전화한 사람은 개인적인 이유로 【익명】을 원했다.
a4e08c8b7e	ambiguous	The contract terms are [ambiguous].	계약 조건이 【모호하다】.
d819929c34	ambiguous	The sign's [ambiguous] wording confused many visitors looking for the exit.	표지판의 【애매한】 문구 때문에 출구를 찾던 많은 방문객이 혼란스러워했다.
76e3712783	ambiguous	Please rewrite any [ambiguous] sentences in the manual.	설명서의 【애매한】 문장은 다시 써 주세요.
70f278f5b7	ambiguous	The instructions were so [ambiguous] that nobody understood them.	설명이 너무 【모호해서】 아무도 이해하지 못했다.
ae1ff162ee	allocation	Each department receives a budget [allocation].	각 부서는 예산 【할당】을 받는다.
a7ac96c299	allocation	The [allocation] of parking spaces will change next month.	주차 공간 【할당】 방식이 다음 달에 바뀔 것이다.
d30298f75c	allocation	The manager is in charge of the [allocation] of tasks.	관리자는 업무 【배분】을 맡고 있다.
d6b985fed5	allocation	Each employee has an annual vacation [allocation] of fifteen days.	각 직원의 연간 휴가 【할당량】은 15일이다.
d8ccc0adcb	acknowledge	Please [acknowledge] receipt of this email.	이 이메일을 받으셨음을 【알려】 주세요.
eafc6a4159	acknowledge	The CEO [acknowledged] the team's hard work at the annual meeting.	최고 경영자는 연례 회의에서 팀의 노고를 【인정했다】.
07ac2c3a3f	acknowledge	The company [acknowledged] that the product had a defect.	회사는 제품에 결함이 있었다는 것을 【인정했다】.
55a997f86c	acknowledge	Mr. Park is widely [acknowledged] as an expert in logistics.	박 씨는 물류 전문가로 널리 【인정받는다】.
58882cb101	deep	The store is offering [deep] discounts this week.	그 가게는 이번 주에 【대폭】 할인을 제공한다.
913321eab5	deep	The hotel pool is too [deep] for young children to swim alone.	호텔 수영장은 어린아이가 혼자 수영하기에는 너무 【깊다】.
b810980b04	deep	The budget committee proposed [deep] cuts in travel spending.	예산 위원회는 출장비의 【대폭】 삭감을 제안했다.
f8d778eee7	deep	The shelves are too [deep] to reach the back easily.	선반이 너무 【깊어서】 뒤쪽까지 손이 쉽게 닿지 않는다.
d6a85bf720	responsible	Who is [responsible] for ordering supplies?	용품 주문은 누가 【담당】하나요?
99f6cde1ea	responsible	The shipping company is [responsible] for any damage during delivery.	배송 중 발생한 손상은 운송 회사가 【책임진다】.
be669bf69e	responsible	Ms. Chen will be [responsible] for training new staff.	첸 씨가 신입 직원 교육을 【담당하게】 될 것이다.
6515dd3c59	responsible	The company takes a [responsible] approach to waste disposal.	그 회사는 폐기물 처리에 【책임감 있는】 방식을 취한다.
d40c847b88	transaction	Each [transaction] is recorded in the system.	각 【거래】는 시스템에 기록된다.
e99cd96513	transaction	The bank charges a small fee for each foreign [transaction].	은행은 해외 【거래】마다 소액의 수수료를 부과한다.
533cb8b700	transaction	Most customers now complete their [transactions] online.	이제 대부분의 고객은 온라인으로 【거래】를 처리한다.
57c4aea7d3	transaction	The [transaction] could not be processed due to a system error.	시스템 오류로 【거래】가 처리되지 않았다.
8ae3893322	gladly	I would [gladly] help you with the report.	보고서 작성을 【기꺼이】 도와드리겠습니다.
fc0ca59da2	gladly	Ms. Ito [gladly] accepted the invitation to speak at the conference.	이토 씨는 회의에서 강연해 달라는 초청을 【기꺼이】 수락했다.
0c2b8295b7	gladly	We will [gladly] replace any damaged items free of charge.	파손된 제품은 무료로 【기꺼이】 교환해 드린다.
ab046d9992	gladly	Ms. Moore [gladly] agreed to cover the shift.	무어 씨가 그 근무를 대신하겠다고 【기꺼이】 동의했다.
9ff2152e52	draft	Please review the first [draft] of the contract.	계약서 【초안】을 검토해 주세요.
840ba38ec0	draft	Mr. Hill will send the [draft] of his speech to the editor tonight.	힐 씨는 오늘 밤 연설 【초안】을 편집자에게 보낼 것이다.
3331fd26ac	draft	Please send me your comments on the [draft] by Monday.	월요일까지 【초안】에 대한 의견을 보내 주세요.
58e895a164	draft	The report is only in [draft] form, so please do not share it.	보고서는 아직 【초안】 상태이니 공유하지 마세요.
81c7f4abe3	draft	The final version is very different from the earlier [drafts].	최종본은 이전 【초안】들과 매우 다르다.
d8ce11c618	finalize	We need to [finalize] the schedule by Friday.	금요일까지 일정을 【확정해야】 한다.
aa8445c8e3	finalize	Both companies are expected to [finalize] the merger by the end of June.	두 회사는 6월 말까지 합병을 【마무리할】 것으로 예상된다.
c2bb3b16d4	finalize	The details of the event have not been [finalized] yet.	행사 세부 사항은 아직 【확정되지】 않았다.
b88ed31bd2	finalize	Ms. Lee is [finalizing] the budget for next year.	이 씨가 내년 예산을 【마무리하고】 있다.
ebede7da39	tenant	The [tenant] pays rent on the first of each month.	【세입자】는 매달 1일에 임대료를 낸다.
283d49458a	tenant	Several small businesses [tenant] the ground floor of the building.	여러 소규모 업체가 그 건물 1층에 【세 들어 있다】.
3b7fa3734b	tenant	The building owner is looking for new [tenants].	건물주는 새 【세입자】를 찾고 있다.
e58e22be74	tenant	[Tenants] must give 30 days' notice before moving out.	【세입자】는 이사 나가기 30일 전에 통보해야 한다.
d46fa65c1f	raise	The charity hopes to [raise] $50,000.	그 자선단체는 5만 달러를 【모금하기를】 바란다.
7fd5f49ed8	raise	Please [raise] your hand if you have a question during the tour.	견학 중 질문이 있으면 손을 【들어】 주세요.
f969b554e7	raise	The store plans to [raise] its prices next month.	그 상점은 다음 달 가격을 【인상할】 계획이다.
954d02fd29	raise	Several employees [raised] concerns about the new schedule.	여러 직원이 새 일정에 대해 우려를 【제기했다】.
92a294785e	raise	Ms. Kent received a [raise] after her annual review.	켄트 씨는 연간 평가 후 【급여 인상】을 받았다.
f45d16f829	adapt	New staff quickly [adapt] to the office culture.	신입 직원들은 사무실 문화에 빨리 【적응한다】.
46367f203c	adapt	The popular novel will be [adapted] into a television series next year.	그 인기 소설은 내년에 TV 드라마로 【각색될】 것이다.
c2bc66d79f	adapt	The recipe can easily be [adapted] for vegetarians.	그 조리법은 채식주의자에 맞게 쉽게 【조정할】 수 있다.
68477d7dfd	adapt	Companies must [adapt] their products to changing customer needs.	기업은 변화하는 고객 요구에 제품을 【맞춰야】 한다.
a7f4ca0915	following	Please read the [following] instructions carefully.	【다음】 지시 사항을 주의 깊게 읽어 주세요.
e6fef87486	following	[Following] the meeting, lunch will be served in the main hall.	회의가 끝난 【후에】 본관에서 점심이 제공된다.
15eac175b3	following	The shop reopened the [following] week.	가게는 그 【다음】 주에 다시 문을 열었다.
7dacb982ec	following	The chef has a large [following] on social media.	그 요리사는 소셜 미디어에 【팬】이 많다.
28045f9e3a	following	[Following] customer feedback, the menu was changed.	고객 의견에 【따라】 메뉴가 변경되었다.
7842c519f2	cathedral	The [cathedral] is the oldest building in the city.	그 【대성당】은 도시에서 가장 오래된 건물이다.
ea78f7210c	cathedral	The tour group visited the famous [cathedral] on the second day.	관광단은 둘째 날에 유명한 【대성당】을 방문했다.
f04b46b7fc	cathedral	Visitors are not allowed to take photos inside the [cathedral].	방문객은 【대성당】 안에서 사진을 찍을 수 없다.
acd64b6fde	cathedral	The concert will take place in the historic [cathedral].	음악회는 그 유서 깊은 【대성당】에서 열린다.
70b0a2bbd0	ambitious	The company has [ambitious] plans for expansion.	회사는 【야심 찬】 확장 계획을 갖고 있다.
126af73b8c	ambitious	Mr. Evans is an [ambitious] young engineer who wants to lead a team.	에반스 씨는 팀을 이끌고 싶어 하는 【야심 있는】 젊은 엔지니어이다.
684ec251fc	ambitious	The sales target for this year is very [ambitious].	올해 매출 목표는 매우 【야심 차다】.
c940b98334	ambitious	The team set an [ambitious] goal of opening ten stores.	그 팀은 매장 10개를 여는 【야심 찬】 목표를 세웠다.
09043be434	outlet	The brand opened an [outlet] store near the airport.	그 브랜드는 공항 근처에 【아울렛】 매장을 열었다.
71ddc90774	outlet	There is a power [outlet] under each desk in the meeting room.	회의실의 각 책상 아래에는 전기 【콘센트】가 있다.
2799618be0	outlet	Please unplug the heater from the [outlet] before leaving.	퇴근 전에 난로 플러그를 【콘센트】에서 뽑아 주세요.
0fd19831a7	outlet	The company sells its products through several retail [outlets].	그 회사는 여러 소매 【판매점】을 통해 제품을 판매한다.
6fe0090d00	investment	The new factory is a major [investment].	새 공장은 대규모 【투자】다.
098f66774f	investment	The company expects a quick return on its [investment] in solar panels.	그 회사는 태양광 패널 【투자】에서 빠른 수익을 기대한다.
fba5c664bc	investment	The firm made a large [investment] in new technology.	그 회사는 신기술에 큰 【투자】를 했다.
9bad5c3089	investment	Training staff is a good [investment] for any business.	직원 교육은 어느 기업에나 좋은 【투자】다.
0c254ae89c	banquet	The awards [banquet] will be held on Saturday.	시상 【연회】는 토요일에 열린다.
ebe12d24ed	banquet	The hotel's [banquet] hall can hold up to 400 guests.	그 호텔의 【연회】장은 최대 400명을 수용할 수 있다.
3045de51a6	banquet	A formal [banquet] was held to welcome the visiting partners.	방문한 협력사를 환영하는 공식 【만찬】이 열렸다.
cf262beaae	banquet	Tickets for the charity [banquet] sold out quickly.	자선 【만찬】 입장권은 빠르게 매진되었다.
ab2436b6b4	outstanding	She received an award for [outstanding] service.	그녀는 【뛰어난】 서비스로 상을 받았다.
ef8715f690	outstanding	Please pay the [outstanding] balance on your account by Friday.	금요일까지 계정의 【미지불】 잔액을 납부해 주세요.
de49d47773	outstanding	The results of the survey were [outstanding].	설문 조사 결과는 【아주 좋았다】.
7e469b3317	outstanding	Several [outstanding] issues will be discussed at the next meeting.	몇 가지 【미해결】 문제는 다음 회의에서 논의된다.
f500c76161	weigh	Please [weigh] the package before mailing it.	우편으로 보내기 전에 소포의 【무게를 재】 주세요.
4967a7a3a6	weigh	Ms. Cruz [weighed] the costs and benefits before choosing a supplier.	크루즈 씨는 공급업체를 고르기 전에 비용과 이점을 【저울질했다】.
691c6130e3	weigh	The suitcase [weighs] about twenty kilograms.	그 여행 가방은 【무게가】 약 20킬로그램이다.
0f9190cea4	weigh	Customers are [weighing] their options before signing a new contract.	고객들은 새 계약에 서명하기 전에 선택지를 【따져 보고】 있다.
2211333963	scale	The project was completed on a large [scale].	그 프로젝트는 큰 【규모】로 완료되었다.
5b4e27ca4d	scale	Hikers need about three hours to [scale] the mountain behind the resort.	등산객이 리조트 뒤편의 산을 【오르는】 데 약 세 시간이 걸린다.
fafb02560f	scale	Please rate the service on a [scale] of 1 to 10.	서비스를 1에서 10까지의 【척도】로 평가해 주세요.
9e99c03b2e	scale	Due to budget cuts, the project was [scaled] back.	예산 삭감으로 프로젝트가 【축소되었다】.
8948ba092f	scale	The firm is small in [scale] but well known locally.	그 회사는 【규모】는 작지만 지역에서 잘 알려져 있다.
2e1fa1030e	terms	Please read the [terms] of the agreement.	계약 【조건】을 읽어 주세요.
450ffbdb12	terms	The two firms finally agreed on the [terms] of the merger.	두 회사는 마침내 합병 【조건】에 합의했다.
39639f5196	terms	Under the [terms] of the lease, pets are not allowed.	임대 계약 【조건】에 따라 반려동물은 허용되지 않는다.
bf53d5ef64	terms	The supplier offered better payment [terms] this year.	공급업체는 올해 더 나은 결제 【조건】을 제시했다.
d88e1664cb	terms	The new product is doing well in [terms] of sales.	신제품은 매출 【면에서】 잘 팔리고 있다.
9f0b01c60a	regarding	I am writing [regarding] your recent order.	귀하의 최근 주문에 【관하여】 씁니다.
a32e04e432	regarding	Staff should direct all questions [regarding] payroll to Mr. Moore.	직원들은 급여에 【관한】 모든 문의를 무어 씨에게 해야 한다.
3986071c4e	regarding	[Regarding] your request, we will reply within two days.	요청하신 사항에 【관해서는】 이틀 안에 답변드린다.
4c49723001	regarding	There have been several complaints [regarding] the noise.	소음에 【관한】 불만이 여러 건 있었다.
0a24321625	including	The price is $40, [including] tax.	가격은 세금을 【포함하여】 40달러다.
89b72eab85	including	Twenty people, [including] the director, attended the training session.	이사를 【포함하여】 20명이 교육에 참석했다.
cb84756a66	including	The package includes three nights, [including] breakfast.	그 상품은 조식을 【포함해】 3박이 제공된다.
d993dfc99f	including	All staff, [including] part-time workers, must attend the meeting.	시간제 근무자를 【포함한】 모든 직원이 회의에 참석해야 한다.
e04e2cbcf5	integrate	We plan to [integrate] the two software systems.	우리는 두 소프트웨어 시스템을 【통합할】 계획이다.
9c19d9a20e	integrate	The program helps new residents [integrate] into the local community.	그 프로그램은 새 주민이 지역 사회에 【어울리도록】 돕는다.
7c9edc1798	integrate	The two departments will be [integrated] next year.	두 부서는 내년에 【통합된다】.
bfb64fb8f9	integrate	The app [integrates] easily with most calendar programs.	그 앱은 대부분의 일정 관리 프로그램과 쉽게 【연동된다】.
2ecfaf645c	seating	The hall has [seating] for 300 guests.	그 홀에는 300명분의 【좌석】이 있다.
86ae0a6680	seating	Outdoor [seating] is available at the café during the summer.	여름에는 카페에서 야외 【좌석】을 이용할 수 있다.
c06f8e1ca1	seating	[Seating] is limited, so please arrive early.	【좌석】이 한정되어 있으니 일찍 오세요.
9ea7c08b8a	seating	The restaurant changed its [seating] arrangement for the party.	식당은 파티를 위해 【좌석】 배치를 바꿨다.
378b93fe1c	faulty	The [faulty] printer was sent back to the supplier.	【결함이 있는】 프린터는 공급업체로 반송되었다.
1729ad17ee	faulty	A [faulty] wire caused the lights in the lobby to flicker.	【결함이 있는】 전선 때문에 로비 조명이 깜빡거렸다.
ba3a196101	faulty	Customers can return any [faulty] products within 30 days.	고객은 【결함이 있는】 제품을 30일 이내에 반품할 수 있다.
5df9931289	faulty	The error was caused by [faulty] data in the report.	그 오류는 보고서의 【잘못된】 자료 때문에 생겼다.
118c697f23	possibly	The meeting will [possibly] run late.	회의는 【아마】 늦게 끝날 것이다.
29f2f30666	possibly	Could you [possibly] send me the files before noon?	【혹시】 정오 전에 파일을 보내 주실 수 있을까요?
531acbb700	possibly	The package will arrive tomorrow or [possibly] Friday.	소포는 내일, 【아마】 늦으면 금요일에 도착할 것이다.
6b071a436f	possibly	We did everything we [possibly] could to fix the problem.	우리는 문제를 해결하려고 【할 수 있는】 모든 것을 했다.
132770ab92	await	We [await] your reply with interest.	귀하의 답변을 관심 있게 【기다리고】 있습니다.
dd6afc953e	await	A shuttle bus will [await] guests at the airport exit.	셔틀버스가 공항 출구에서 손님들을 【기다릴】 것이다.
e7d52c05e0	await	Several orders are still [awaiting] approval.	여러 주문이 아직 승인을 【기다리고】 있다.
819fefafc2	await	The results of the survey are eagerly [awaited].	설문 조사 결과를 모두가 【기다리고】 있다.
725f2e9124	advisable	It is [advisable] to book early.	일찍 예약하는 것이 【바람직하다】.
0dcc951972	advisable	Wearing comfortable shoes is [advisable] for the walking tour.	도보 관광에는 편한 신발을 신는 것이 【바람직하다】.
46154af2d7	advisable	It is [advisable] that you arrive at least one hour early.	최소 한 시간 일찍 도착하는 것이 【좋다】.
77332ce59c	advisable	Reservations are [advisable] for groups on weekends.	주말에 단체로 올 때는 예약하는 것이 【좋다】.
770e917223	sophisticated	The system uses [sophisticated] security software.	그 시스템은 【정교한】 보안 소프트웨어를 사용한다.
3b0b48adee	sophisticated	The boutique attracts shoppers with [sophisticated] taste in fashion.	그 부티크는 패션 감각이 【세련된】 쇼핑객을 끌어모은다.
18fb710bfc	sophisticated	The restaurant has a [sophisticated] atmosphere.	그 식당은 【세련된】 분위기를 지니고 있다.
0d2e24cb8f	sophisticated	This camera is more [sophisticated] than earlier models.	이 카메라는 이전 모델보다 더 【정교하다】.
3d5c186947	instant	The new feature gives [instant] access to your files.	새 기능은 파일에 【즉각적인】 접근을 제공한다.
a7e8785847	instant	For an [instant], the screen went dark during the presentation.	발표 도중 【잠깐】 화면이 꺼졌다.
22d9bf7412	instant	The new product was an [instant] success.	신제품은 【즉각적인】 성공을 거두었다.
78a54a4053	instant	The office kitchen is stocked with [instant] coffee and tea.	사무실 탕비실에는 【인스턴트】 커피와 차가 있다.
6e73c5664b	instant	The lights came back on the [instant] the power returned.	전기가 돌아온 【순간】 조명이 다시 켜졌다.
608dc10f4c	appreciate	We [appreciate] your patience.	귀하의 인내에 【감사드립니다】.
83655e18a6	appreciate	The value of the property has [appreciated] greatly over ten years.	그 부동산의 가치는 10년 동안 크게 【올랐다】.
6dc40c982f	appreciate	I would [appreciate] it if you could reply by Friday.	금요일까지 답장해 주시면 【감사하겠다】.
d963708f1d	appreciate	Few people [appreciate] how difficult the job really is.	그 일이 실제로 얼마나 어려운지 【제대로 아는】 사람은 드물다.
ab7257620c	appreciate	Your feedback on our new menu is greatly [appreciated].	새 메뉴에 대한 의견을 주시면 대단히 【감사하겠다】.
30d2d6c7b3	describe	Please [describe] the problem in detail.	문제를 자세히 【설명해】 주세요.
9a76f3087b	describe	The brochure [describes] the resort as a quiet place to relax.	안내 책자는 그 리조트를 조용히 쉴 수 있는 곳으로 【묘사한다】.
a3715dbbce	describe	Can you [describe] the man you saw at the front desk?	안내 데스크에서 본 남자를 【묘사해】 주시겠어요?
f13363b504	describe	The results are [described] in detail in the report.	결과는 보고서에 자세히 【기술되어】 있다.
eeb8a2754b	superfluous	Remove any [superfluous] details from the report.	보고서에서 【불필요한】 세부 사항을 제거하세요.
081cc08ccb	superfluous	The editor cut several [superfluous] paragraphs from the press release.	편집자는 보도 자료에서 【불필요한】 문단 몇 개를 삭제했다.
51ac4c1ddd	superfluous	Any further explanation would be [superfluous].	더 이상의 설명은 【불필요할】 것이다.
45c5a4ca9f	superfluous	The new design removes [superfluous] buttons from the control panel.	새 디자인은 조작판에서 【불필요한】 버튼을 없앴다.
fb460c3cd0	shred	Please [shred] the old documents.	오래된 문서를 【파쇄해】 주세요.
d1e4a01fef	shred	The chef added [shreds] of cheese on top of the salad.	요리사는 샐러드 위에 치즈 【조각】을 올렸다.
b99be4beb5	shred	All confidential papers must be [shredded] after use.	모든 기밀 문서는 사용 후 【파쇄해야】 한다.
8bc5fdf5cf	shred	Add the [shredded] carrots to the soup.	수프에 【채 썬】 당근을 넣으세요.
e8b221afdc	shred	There is not a [shred] of evidence that the data was changed.	자료가 바뀌었다는 증거는 【조금도】 없다.
c9c40e9ce4	nominee	Each [nominee] will give a short speech.	각 【후보자】는 짧은 연설을 할 것이다.
0abc81486f	nominee	The committee will interview every [nominee] for the board position.	위원회는 이사직 【후보】 전원을 면접할 것이다.
3856a90c42	nominee	Ms. Grant is a [nominee] for Employee of the Year.	그랜트 씨는 올해의 직원상 【후보】이다.
84ebaa11a5	nominee	The three [nominees] will be announced next week.	세 명의 【후보】가 다음 주에 발표된다.
130bb540fa	spare	Keep a [spare] key in the office.	사무실에 【여분의】 열쇠를 보관하세요.
def77fc8ed	spare	Could you [spare] a few minutes to review my proposal?	제 제안서를 검토하는 데 몇 분만 【내주실】 수 있을까요?
bab974bba3	spare	The hotel has no [spare] rooms this weekend.	그 호텔은 이번 주말에 【남는】 방이 없다.
d7df4b3e29	spare	What do you like to do in your [spare] time?	【여가】 시간에 무엇을 하는 것을 좋아하세요?
79da402417	spare	No expense was [spared] for the anniversary party.	기념 파티에 비용을 전혀 【아끼지】 않았다.
db5276e08e	aim	Our [aim] is to double sales by 2027.	우리의 【목표】는 2027년까지 매출을 두 배로 늘리는 것이다.
00814cc1a5	aim	The new campaign is [aimed] at customers in their twenties.	새 캠페인은 20대 고객을 【겨냥한다】.
4bcfea5f78	aim	The workshop [aims] to improve communication skills.	그 워크숍은 의사소통 능력 향상을 【목표로 한다】.
c27df8d0c1	aim	The main [aim] of the survey is to measure customer satisfaction.	설문의 주요 【목적】은 고객 만족도를 측정하는 것이다.
45d306f658	hustle	We had to [hustle] to meet the deadline.	마감을 맞추기 위해 우리는 【서둘러야】 했다.
622a7dc5f1	hustle	The tour guide [hustled] the group onto the bus to avoid the rain.	여행 가이드는 비를 피하려고 일행을 버스에 【재촉해】 태웠다.
aa9b21589f	hustle	The staff [hustled] to set up the room before guests arrived.	직원들은 손님이 오기 전에 방을 준비하려고 【서둘렀다】.
eec3709595	hustle	Security [hustled] the reporters out of the building.	경비원들이 기자들을 건물 밖으로 【내보냈다】.
86f9e84147	contributor	She is a regular [contributor] to the magazine.	그녀는 그 잡지의 정기 【기고자】다.
e68f1b3175	contributor	The hospital thanked each [contributor] to its new building fund.	병원은 새 건물 건립 기금의 【기부자】 한 명 한 명에게 감사를 표했다.
32e57919cb	contributor	Mr. Diaz was a key [contributor] to the project's success.	디아즈 씨는 프로젝트 성공의 핵심 【기여자】였다.
d1b13c390a	contributor	Rising costs were a major [contributor] to the price increase.	비용 상승은 가격 인상의 주요 【원인】이었다.
eac2493ff7	deal	The manager will [deal] with the complaint.	관리자가 그 불만을 【처리할】 것이다.
11d409395a	deal	Ms. Yang got a great [deal] on a used delivery van.	양 씨는 중고 배송용 승합차를 아주 좋은 조건으로 【거래했다】.
d6abd88461	deal	The two companies signed a [deal] worth $2 million.	두 회사는 200만 달러 규모의 【거래】 계약을 맺었다.
43558a936f	deal	Ms. Kim is good at [dealing] with difficult customers.	김 씨는 까다로운 고객을 【상대하는】 데 능숙하다.
14095afbd4	deal	The team spent a great [deal] of time on the proposal.	그 팀은 제안서에 【많은】 시간을 들였다.
b69b6c5d77	behalf	I am calling on [behalf] of Mr. Lee.	이 씨를 【대신하여】 전화드립니다.
54227b8d92	behalf	Ms. Kent accepted the award on [behalf] of the entire sales team.	켄트 씨는 영업팀 전체를 【대신하여】 상을 받았다.
88469ca737	behalf	On [behalf] of the staff, I welcome you to our company.	직원을 【대표해】 여러분을 환영한다.
fab6361b03	behalf	The lawyer signed the contract on the client's [behalf].	변호사가 고객을 【대신해】 계약서에 서명했다.
ccb163994b	lack	The project failed due to a [lack] of funding.	그 프로젝트는 자금 【부족】으로 실패했다.
1a3c40bcb2	lack	The new branch [lacks] enough staff to open on weekends.	새 지점은 주말에 문을 열 직원이 【부족하다】.
d0da29bff8	lack	The report [lacked] important details about costs.	그 보고서에는 비용에 관한 중요한 세부 내용이 【빠져 있었다】.
679348ea9e	lack	Many applicants are [lacking] in work experience.	많은 지원자가 업무 경험이 【부족하다】.
3eaf66e384	lack	There is no [lack] of volunteers for the event.	그 행사에 자원봉사자가 【부족하지】 않다.
0d4d1dedaa	description	Please include a brief [description] of each item.	각 품목에 대한 간단한 【설명】을 포함해 주세요.
d4f8a9f326	description	The job [description] clearly lists the required skills and working hours.	그 직무 【설명서】에는 필요한 기술과 근무 시간이 분명히 나와 있다.
ee8962e077	description	The witness gave police a clear [description] of the car.	목격자는 경찰에게 차량을 분명히 【묘사해】 주었다.
e7e14a5e64	description	The product [description] on the website is not accurate.	웹사이트의 제품 【설명】이 정확하지 않다.
09d18ea67e	statement	The company issued a [statement] about the recall.	회사는 리콜에 대한 【성명】을 발표했다.
c075d458c3	statement	Ms. Park checked her monthly bank [statement] for any unusual charges.	박 씨는 이상한 요금이 없는지 월별 은행 【거래 내역서】를 확인했다.
96f26b717c	statement	The witness gave a [statement] to the police.	목격자는 경찰에 【진술】을 했다.
923650dc4e	statement	Mr. Kim made a brief [statement] to reporters after the meeting.	김 씨는 회의 후 기자들에게 짧은 【성명】을 발표했다.
5c0f15aee0	compliance	The factory was inspected for [compliance] with safety laws.	공장은 안전법 【준수】 여부를 점검받았다.
1905bf60fa	compliance	All staff must sign a form confirming [compliance] with the new dress code.	모든 직원은 새 복장 규정을 【준수】한다는 확인서에 서명해야 한다.
267f1489f5	compliance	The company is in full [compliance] with the new regulations.	그 회사는 새 규정을 완전히 【준수하고】 있다.
33b50fbfdb	compliance	Ms. Moore works as a [compliance] officer at the bank.	무어 씨는 은행에서 【준법】 감시 담당자로 일한다.
a2fca6a486	detailed	Please send a [detailed] list of expenses.	【상세한】 지출 목록을 보내 주세요.
0de3079c76	detailed	Mr. Lopez gave a [detailed] explanation of the new booking system.	로페즈 씨는 새 예약 시스템에 대해 【상세한】 설명을 했다.
c4d5062de4	detailed	The manual is very [detailed] and easy to follow.	그 설명서는 매우 【상세하고】 따라 하기 쉽다.
5f3398661c	detailed	A more [detailed] report will be available next week.	더 【자세한】 보고서는 다음 주에 나온다.
16b49e1306	recent	Sales have improved in [recent] months.	【최근】 몇 달 사이 매출이 개선되었다.
a41c5d8226	recent	Please attach a [recent] photo to your membership application form.	회원 가입 신청서에는 【최근】 사진을 첨부해야 한다.
30fae6af04	recent	Her most [recent] book became a bestseller.	그녀의 가장 【최근】 책이 베스트셀러가 되었다.
1955e640cb	recent	The sales data in this report is not very [recent].	이 보고서의 매출 자료는 그다지 【최근】 것이 아니다.
4440e70414	expertise	We need someone with [expertise] in marketing.	마케팅 【전문 지식】을 가진 사람이 필요하다.
5cf283f99d	expertise	Harbor Tech hired a consultant for her [expertise] in data security.	하버 테크는 데이터 보안 분야의 【전문 지식】을 보고 한 컨설턴트를 고용했다.
b525f2e5ce	expertise	The project requires a high level of technical [expertise].	그 프로젝트에는 높은 수준의 기술적 【전문 지식】이 필요하다.
52a0d446df	expertise	Ms. Diaz shared her [expertise] with the new team members.	디아즈 씨는 새 팀원들과 자신의 【전문 지식】을 나눴다.
5d33c8484f	reputation	The hotel has an excellent [reputation].	그 호텔은 훌륭한 【평판】을 갖고 있다.
61adb19b53	reputation	The caterer built its [reputation] by serving fresh local ingredients.	그 출장 요리 업체는 신선한 지역 재료를 제공하여 【명성】을 쌓았다.
ceabc071f6	reputation	The restaurant has a [reputation] for excellent service.	그 식당은 훌륭한 서비스로 【명성】이 있다.
b3c952f100	reputation	One bad review can damage a company's [reputation].	나쁜 후기 하나가 회사의 【평판】을 해칠 수 있다.
fd413d1a5c	value	We [value] the opinions of our customers.	우리는 고객의 의견을 【소중히 여긴다】.
1d4efbf408	value	The appraiser estimated the [value] of the office building at five million dollars.	감정인은 그 사무용 건물의 【가치】를 500만 달러로 평가했다.
3fe40c0aa8	value	The new phone offers good [value] for money.	새 휴대폰은 가격 대비 【가치】가 좋다.
8ed01d530c	value	Honesty is one of our company's core [values].	정직은 우리 회사의 핵심 【가치】 중 하나다.
42225089cc	value	The painting is [valued] at over $10,000.	그 그림은 1만 달러 이상으로 【평가된다】.
a99dee36aa	loyalty	The program rewards customer [loyalty].	그 프로그램은 고객의 【충성도】에 보상한다.
e7160d1dc1	loyalty	Ms. Kim was praised for her [loyalty] to the company over twenty years.	김 씨는 20년 동안 회사에 보여 준 【충성심】으로 칭찬을 받았다.
69c9700f2d	loyalty	Members of our [loyalty] program earn points on every purchase.	【단골】 고객 프로그램 회원은 구매할 때마다 포인트를 받는다.
696162a671	loyalty	Good service is the key to building brand [loyalty].	좋은 서비스는 브랜드 【충성도】를 높이는 비결이다.
70f81980cc	reference	Please list two [references] on your application.	지원서에 【추천인】 두 명을 적어 주세요.
4fba8e2d56	reference	The speaker made a [reference] to last year's sales figures during the talk.	연사는 강연 중에 작년 매출 수치를 【언급】했다.
48e5399be6	reference	Please keep this manual for future [reference].	나중에 【참고】할 수 있도록 이 설명서를 보관하세요.
5832a8babf	reference	Ms. Lee wrote a [reference] letter for her former assistant.	이 씨는 전 비서를 위해 【추천】서를 써 주었다.
467a35ebac	reference	With [reference] to your email, the meeting has been moved.	귀하의 이메일과 【관련하여】 회의 일정이 변경되었다.
ce12678349	arrange	I will [arrange] a meeting with the client.	고객과의 회의를 【마련하겠습니다】.
b1ec099b48	arrange	The florist [arranged] the flowers neatly on each banquet table.	꽃집 주인은 연회 테이블마다 꽃을 깔끔하게 【배열했다】.
4af35025d3	arrange	Please [arrange] for a taxi to pick up the guests.	손님을 모시러 갈 택시를 【준비해】 주세요.
a7423c45cc	arrange	The books are [arranged] in alphabetical order.	책은 알파벳순으로 【정리되어】 있다.
f659628def	warranty	The laptop comes with a one-year [warranty].	그 노트북은 1년 【품질 보증】이 딸려 있다.
201b4d2feb	warranty	The repair is free because the printer is still under [warranty].	프린터가 아직 【품질 보증】 기간 중이라서 수리는 무료이다.
146dcb763c	warranty	The [warranty] does not cover damage caused by water.	【품질 보증】은 물로 인한 손상은 보장하지 않는다.
caa90e127b	warranty	Customers can buy an extended [warranty] for an additional fee.	고객은 추가 요금을 내고 연장 【보증】을 구입할 수 있다.
3122210320	independent	An [independent] auditor reviewed the accounts.	【독립】 감사인이 회계를 검토했다.
c89551cdb1	independent	Mr. Cho left the firm to start his own [independent] design studio.	조 씨는 자신의 【독립적인】 디자인 스튜디오를 차리려고 회사를 그만두었다.
b52434cb59	independent	The company became [independent] from its parent firm last year.	그 회사는 작년에 모회사로부터 【독립했다】.
d681265e1c	independent	The new software helps staff become more [independent] in their work.	새 소프트웨어는 직원들이 업무에서 더 【독립적으로】 되도록 돕는다.
143c3a6632	surplus	The company reported a budget [surplus] this year.	회사는 올해 예산 【흑자】를 보고했다.
59f1dbfe18	surplus	The store is selling [surplus] office furniture at half price.	그 가게는 【남는】 사무용 가구를 반값에 팔고 있다.
b31847b480	surplus	There is a [surplus] of workers in the construction industry.	건설 업계에는 인력이 【남아돈다】.
ba327961fb	surplus	The company used its [surplus] funds to pay off debt.	그 회사는 【잉여】 자금으로 빚을 갚았다.
f4fb1133c7	obstruct	Do not [obstruct] the emergency exit.	비상구를 【막지】 마세요.
006a66b313	obstruct	A delivery truck was [obstructing] the entrance to the parking garage.	배달 트럭 한 대가 주차장 입구를 【막고】 있었다.
912d79a41e	obstruct	The view of the stage was [obstructed] by a large pillar.	무대가 큰 기둥에 【가려】 보이지 않았다.
ba3ffca65e	obstruct	Boxes must not be left where they [obstruct] the hallway.	상자를 복도를 【막는】 곳에 두어서는 안 된다.
a15f646697	assign	The manager will [assign] tasks to each member.	관리자가 각 구성원에게 업무를 【배정할】 것이다.
dbe5738b1d	assign	Each new employee is [assigned] a mentor during the first month.	신입 사원에게는 첫 달 동안 멘토가 한 명씩 【배정된다】.
adaced96bb	assign	Ms. Park was [assigned] to the Tokyo office last year.	박 씨는 작년에 도쿄 사무소에 【배정되었다】.
2a6b44cde6	assign	Please sit in your [assigned] seat during the flight.	비행 중에는 【지정된】 좌석에 앉아 주세요.
98f58ba442	assign	Each team is [assigning] one member to handle customer calls.	각 팀은 고객 전화를 담당할 팀원을 한 명씩 【정하고】 있다.
dd7a13829a	assure	I can [assure] you that the order will arrive on time.	주문이 제때 도착할 것이라고 【장담합니다】.
d79df1d0f6	assure	The hotel manager [assured] guests that the noise would stop by evening.	호텔 지배인은 투숙객들에게 저녁까지는 소음이 멈출 것이라고 【장담했다】.
2daf86f28f	assure	Rest [assured] that your personal data is safe with us.	개인 정보는 안전하게 보호되니 【안심하세요】.
bf96305bcd	assure	The supplier [assured] us of on-time delivery.	공급업체는 기한 내 배송을 우리에게 【장담했다】.
f79a4da71a	address	The CEO will [address] the staff this afternoon.	CEO가 오늘 오후 직원들에게 【연설할】 것이다.
f9bd3fed4c	address	Please write your mailing [address] clearly on the order form.	주문서에는 우편 【주소】를 알아보기 쉽게 적어야 한다.
cb8c1278c0	address	The new policy [addresses] several concerns raised by employees.	새 정책은 직원들이 제기한 여러 우려를 【해결한다】.
9e5c8e1bb5	address	The letter was [addressed] to the wrong department.	그 편지는 다른 부서로 【주소가 잘못 적혀】 있었다.
7c7402d8fc	address	Please send your résumé to the email [address] below.	아래 이메일 【주소】로 이력서를 보내 주세요.
d0f5db65fd	effort	The team made every [effort] to finish on time.	팀은 제때 끝내기 위해 모든 【노력】을 다했다.
7711de715e	effort	Thanks to Ms. Lee's [effort], the conference ran without any problems.	이 씨의 【노력】 덕분에 회의는 아무 문제 없이 진행되었다.
6974d93934	effort	The recycling program is part of our [effort] to reduce waste.	재활용 프로그램은 쓰레기를 줄이려는 우리 【노력】의 일환이다.
047650b850	effort	Thank you for all your [efforts] on this project.	이 프로젝트에 들인 모든 【노력】에 감사드린다.
23edaad9fd	effort	Learning the new software took a lot of time and [effort].	새 소프트웨어를 익히는 데 많은 시간과 【노력】이 들었다.
f260529286	questionnaire	Please fill out the customer [questionnaire].	고객 【설문지】를 작성해 주세요.
59dbab7b4f	questionnaire	Job applicants must complete a short [questionnaire] before the interview.	지원자들은 면접 전에 짧은 【설문지】를 작성해야 한다.
e770ed1b6a	questionnaire	Please return the [questionnaire] by the end of the week.	이번 주말까지 【설문지】를 제출해 주세요.
4039eb29b6	questionnaire	The [questionnaire] asks guests to rate the hotel's service.	그 【설문지】는 투숙객에게 호텔 서비스를 평가하도록 요청한다.
ae99243898	regain	The company hopes to [regain] its market share.	회사는 시장 점유율을 【되찾기를】 바란다.
fcf128a463	regain	After a short break, Mr. Diaz [regained] his focus and finished the report.	잠시 쉰 뒤 디아스 씨는 집중력을 【되찾아】 보고서를 끝냈다.
6877ceaaaf	regain	The airline is working hard to [regain] customers' trust.	그 항공사는 고객의 신뢰를 【되찾기】 위해 노력하고 있다.
6e1940880c	regain	Power was [regained] after about an hour.	약 한 시간 후 전력이 【회복되었다】.
bb4f77a246	fulfill	We were unable to [fulfill] the order in time.	우리는 제때 주문을 【이행할】 수 없었다.
79766feaea	fulfill	Ms. Grant finally [fulfilled] her dream of opening a bakery downtown.	그랜트 씨는 마침내 시내에 빵집을 여는 꿈을 【이루었다】.
f94f1d5d87	fulfill	Applicants must [fulfill] all the requirements listed below.	지원자는 아래에 나열된 모든 요건을 【충족해야】 한다.
bea6142d91	fulfill	The contractor has [fulfilled] its obligations under the agreement.	그 도급업체는 계약에 따른 의무를 【이행했다】.
df3fee3103	subscription	Your [subscription] will renew automatically.	귀하의 【구독】은 자동으로 갱신됩니다.
003516fbfd	subscription	Harbor Tech pays for a yearly [subscription] to an industry magazine.	하버 테크는 업계 잡지의 연간 【구독료】를 내고 있다.
3d64c8c9ca	subscription	You can cancel your [subscription] at any time.	언제든 【구독】을 취소할 수 있다.
40dd559117	subscription	The monthly [subscription] fee will increase in January.	월 【구독】료는 1월에 인상된다.
ec48b503cb	process	The hiring [process] takes about three weeks.	채용 【과정】은 약 3주가 걸린다.
5753584df0	process	Ms. Park explained the [process] for requesting vacation days.	박 씨는 휴가를 신청하는 【절차】를 설명했다.
a2edd2084c	process	Your application is still being [processed].	귀하의 지원서는 아직 【처리】 중이다.
7f3d88bdf0	process	We are in the [process] of updating our website.	저희는 웹사이트를 업데이트하는 【중】이다.
7d5f1bc613	process	The new machine speeds up the production [process].	새 기계는 생산 【과정】의 속도를 높여 준다.
5ef9460f03	coverage	The event received wide media [coverage].	그 행사는 폭넓은 언론 【보도】를 받았다.
7c115f28e9	coverage	The new insurance plan offers full [coverage] for dental care.	새 보험 상품은 치과 진료를 완전히 【보장한다】.
0d037557bd	coverage	Our phone service provides [coverage] across the entire country.	저희 전화 서비스는 전국을 【서비스 범위】로 한다.
980a52a593	coverage	The newspaper's [coverage] of the trade fair was very positive.	그 신문의 무역 박람회 【보도】는 매우 긍정적이었다.
456fbeff17	remind	Please [remind] me about the meeting tomorrow.	내일 회의에 대해 【상기시켜】 주세요.
2816a18fe3	remind	The photo on the wall [reminds] visitors of the company's early days.	벽에 걸린 사진은 방문객들에게 회사의 초창기를 【떠올리게 한다】.
5e6a0b7a43	remind	This is to [remind] you that your payment is due Friday.	결제 기한이 금요일임을 【다시 알려】 드린다.
d457811651	remind	Staff were [reminded] to lock their desks before leaving.	직원들은 퇴근 전에 책상을 잠그라는 【안내를 다시】 받았다.
0618377415	obligation	Tenants have an [obligation] to pay rent on time.	세입자는 제때 임대료를 낼 【의무】가 있다.
f1a32ed3c8	obligation	There is no [obligation] to buy anything during the free trial.	무료 체험 기간에는 무엇이든 구매해야 할 【의무】가 없다.
d6ea90a349	obligation	The company has a legal [obligation] to protect customer data.	회사는 고객 정보를 보호할 법적 【의무】가 있다.
d90eb4ad34	obligation	Both parties must meet their [obligations] under the contract.	양측은 계약상의 【의무】를 다해야 한다.
0ace661fde	revoke	The city may [revoke] the restaurant's license.	시는 그 식당의 면허를 【취소할】 수 있다.
13593faeff	revoke	The bank [revoked] the card after noticing suspicious activity.	은행은 의심스러운 거래를 발견한 뒤 그 카드를 【취소했다】.
1cd01e54bb	revoke	His access to the building was [revoked] after he resigned.	그가 사직한 뒤 건물 출입 권한이 【취소되었다】.
bd7bebde27	revoke	The committee voted to [revoke] the old parking rules.	위원회는 기존 주차 규정을 【폐지하기로】 의결했다.
89b9868d8f	sensitive	This document contains [sensitive] information.	이 문서에는 【민감한】 정보가 들어 있다.
2b9f3cd32c	sensitive	Please use a gentle cleaner, as this surface is [sensitive] to chemicals.	이 표면은 화학 약품에 【예민해서】 순한 세제를 써야 한다.
302227d00c	sensitive	Ms. Lee is very [sensitive] to the needs of her team.	이 씨는 팀원들의 요구에 매우 【세심하다】.
f7b11521ec	sensitive	This toothpaste is designed for people with [sensitive] teeth.	이 치약은 【민감한】 치아를 가진 사람을 위해 만들어졌다.
228eac6d4c	perceive	Customers [perceive] the brand as reliable.	고객들은 그 브랜드를 믿을 만하다고 【인식한다】.
ff0c51eaf0	perceive	The engineer [perceived] a slight noise coming from the engine.	기술자는 엔진에서 나는 약한 소음을 【감지했다】.
ac7d1fec5e	perceive	Price is often [perceived] as a sign of quality.	가격은 흔히 품질의 척도로 【인식된다】.
3c6b451b76	perceive	Most drivers did not [perceive] any change in the road surface.	대부분의 운전자는 노면의 변화를 【감지하지】 못했다.
af10849c18	descend	The path begins to [descend] toward the river.	그 길은 강 쪽으로 【내려가기】 시작한다.
235b2b35f4	descend	Passengers should remain seated as the plane begins to [descend].	비행기가 【하강하기】 시작하면 승객들은 자리에 앉아 있어야 한다.
549865b9dc	descend	Visitors [descended] the stairs to the lower level of the museum.	방문객들은 계단을 【내려가】 박물관 아래층으로 갔다.
d090fc5628	descend	The elevator [descends] slowly to the parking garage.	엘리베이터는 주차장까지 천천히 【내려간다】.
709b7f0d65	modest	The apartment is [modest] in size but comfortable.	그 아파트는 크기는 【보통이지만】 편안하다.
dbb18c0f53	modest	Despite his success, Mr. Han remains [modest] about his achievements.	성공했음에도 한 씨는 자신의 업적에 대해 【겸손하다】.
5bacb8db22	modest	The company reported a [modest] increase in profits.	그 회사는 이익이 【소폭】 증가했다고 발표했다.
0cc137bc82	modest	The hotel offers clean rooms at [modest] prices.	그 호텔은 깨끗한 객실을 【적당한】 가격에 제공한다.
a44efb36a4	adjust	You can [adjust] the chair height with this lever.	이 레버로 의자 높이를 【조절할】 수 있다.
b25374e77a	adjust	It took a few weeks for Ms. Tan to [adjust] to the new office.	탄 씨가 새 사무실에 【적응하는】 데 몇 주가 걸렸다.
bc90ba4931	adjust	Prices have been [adjusted] to reflect the new tax rate.	새 세율을 반영해 가격이 【조정되었다】.
5e10ce80b6	adjust	Please [adjust] your schedule so you can attend the meeting.	회의에 참석할 수 있도록 일정을 【조정해】 주세요.
5f5c8c5c16	appealing	The new packaging is more [appealing] to customers.	새 포장은 고객에게 더 【매력적이다】.
8d9a16fbe7	appealing	The idea of working from home is [appealing] to many job seekers.	재택근무라는 생각은 많은 구직자들에게 【매력적이다】.
bd2cbc4c04	appealing	The hotel offers an [appealing] package for business travelers.	그 호텔은 출장객을 위한 【매력적인】 상품을 제공한다.
c2f5a678d5	appealing	The design needs to be more visually [appealing].	디자인이 시각적으로 더 【매력적이어야】 한다.
a9ab26647d	sizable	The company made a [sizable] donation to the school.	회사는 학교에 【상당한】 기부를 했다.
d9cbc30c08	sizable	A [sizable] crowd gathered outside the store for the grand opening.	개업식을 보려고 가게 밖에 【꽤 많은】 사람들이 모였다.
dee0bcdaf1	sizable	The new warehouse is [sizable] enough to store all our products.	새 창고는 모든 제품을 보관할 만큼 【꽤 크다】.
2d32233b14	sizable	Ms. Kim received a [sizable] bonus at the end of the year.	김 씨는 연말에 【상당한】 보너스를 받았다.
79691ec80b	tie	Please [tie] the boxes together with string.	상자들을 끈으로 【묶어】 주세요.
5d3ecaffb8	tie	Male staff members are required to wear a [tie] at the front desk.	프런트 데스크의 남자 직원은 【넥타이】를 매야 한다.
2228be3d1e	tie	The company has close [ties] with several local universities.	그 회사는 여러 지역 대학과 긴밀한 【관계】를 맺고 있다.
0ad6de4b88	tie	The bonus is [tied] to each employee's performance.	보너스는 각 직원의 성과에 【연계되어】 있다.
e14074f52b	tie	Two candidates [tied] for first place in the design contest.	디자인 대회에서 두 후보가 【공동】 1위를 했다.
8688883932	steep	The road up the hill is very [steep].	언덕을 오르는 길은 매우 【가파르다】.
d6b1ebb868	steep	Customers complained about the [steep] increase in delivery fees.	고객들은 배송비의 【급격한】 인상에 대해 불만을 제기했다.
31c0c8379a	steep	Many customers cannot afford such [steep] prices.	많은 고객이 그렇게 【비싼】 가격을 감당하지 못한다.
f74c01b64a	steep	Sales saw a [steep] decline after the holiday season.	연휴 시즌 이후 매출이 【급격히】 감소했다.
ff2f410658	subsequent	[Subsequent] payments will be made monthly.	【이후】 납부는 매달 이루어진다.
989c14ef6f	subsequent	The first session covers the basics, and [subsequent] sessions go into detail.	첫 번째 시간에는 기초를 다루고, 【이후의】 시간에는 자세한 내용을 다룬다.
352ca2a503	subsequent	The plan was changed in [subsequent] meetings.	그 계획은 【이후】 회의에서 변경되었다.
5d318a6fa9	subsequent	All orders placed [subsequent] to May 1 will be shipped free.	5월 1일 【이후에】 들어온 모든 주문은 무료로 배송된다.
599fe13c07	numerous	We received [numerous] complaints about the noise.	우리는 소음에 대한 【수많은】 불만을 접수했다.
68a3c0e1f4	numerous	The hotel offers [numerous] activities for guests of all ages.	그 호텔은 모든 연령대의 투숙객을 위한 【많은】 활동을 제공한다.
7879cccc2b	numerous	The new policy has [numerous] benefits for part-time staff.	새 정책은 시간제 직원에게 【많은】 혜택이 있다.
bb8878217a	numerous	The author has won [numerous] awards for her work.	그 작가는 작품으로 【수많은】 상을 받았다.
94ce6ea91c	conserve	Turn off the lights to [conserve] energy.	에너지를 【아끼기】 위해 불을 끄세요.
bb5121e360	conserve	The museum works hard to [conserve] its collection of old paintings.	그 박물관은 오래된 그림 소장품을 【보존하기】 위해 애쓴다.
28d7c17642	conserve	Staff are asked to [conserve] paper by printing on both sides.	직원들은 양면 인쇄로 종이를 【아껴 달라는】 요청을 받았다.
254f8877be	conserve	The park was created to [conserve] the area's natural beauty.	그 공원은 지역의 자연경관을 【보존하기】 위해 조성되었다.
3ffe319ade	outgoing	She has an [outgoing] personality.	그녀는 【외향적인】 성격을 갖고 있다.
fcbbc89bac	outgoing	Front desk staff should be friendly and [outgoing] with every guest.	프런트 데스크 직원은 모든 손님에게 친절하고 【사교적이어야】 한다.
d2615f6e89	outgoing	We are looking for an [outgoing] person to join our sales team.	영업팀에 합류할 【사교적인】 사람을 찾고 있다.
31f8829369	outgoing	Ms. Diaz is more [outgoing] than her coworkers.	디아즈 씨는 동료들보다 더 【외향적이다】.
9dd7011f5d	status	You can check your order [status] online.	온라인에서 주문 【상태】를 확인할 수 있다.
553f1749b4	status	Gold members enjoy special [status], including free room upgrades.	골드 회원은 무료 객실 업그레이드를 포함한 특별 【대우】를 받는다.
ff12f8fa1c	status	You will receive an email about the [status] of your application.	지원 【현황】에 대해 이메일을 받게 된다.
3a11357978	status	The hotel lost its five-star [status] after the inspection.	그 호텔은 점검 후 5성급 【지위】를 잃었다.
ad34958278	profitable	The new store proved to be very [profitable].	새 매장은 매우 【수익성이 높은】 것으로 드러났다.
d50e42d8ef	profitable	The training session was [profitable] for everyone who attended.	그 교육 과정은 참석한 모든 사람에게 【유익했다】.
d7d65ab2c1	profitable	Our goal is to make the business [profitable] within two years.	목표는 2년 안에 사업을 【흑자로】 만드는 것이다.
147024ff7b	profitable	Online sales are becoming more [profitable] than store sales.	온라인 판매가 매장 판매보다 더 【수익성이 좋아지고】 있다.
a9555aac7f	expect	We [expect] the shipment to arrive on Monday.	우리는 화물이 월요일에 도착할 것으로 【예상한다】.
36c0ed1b7b	expect	Guests can [expect] a warm welcome at our newly renovated lobby.	손님들은 새로 단장한 로비에서 따뜻한 환영을 【기대할】 수 있다.
50e5e62634	expect	Heavy traffic is [expected] on the highway this weekend.	이번 주말 고속도로에 교통 체증이 【예상된다】.
4336645338	expect	Sales were higher than [expected] this quarter.	이번 분기 매출은 【예상】보다 높았다.
1789b72ac2	expect	All employees are [expected] to attend the safety training.	모든 직원은 안전 교육에 참석【해야 한다】.
c81b2cff8d	different	The two proposals are quite [different].	두 제안은 상당히 【다르다】.
6e76776310	different	The jacket is available in five [different] colors this season.	그 재킷은 이번 시즌에 다섯 가지 【다른】 색상으로 나온다.
f7b25636d5	different	The final product was very [different] from the original design.	최종 제품은 처음 디자인과 매우 【달랐다】.
d3b322eebb	different	Our prices are [different] for members and non-members.	저희 가격은 회원과 비회원에게 【다르게】 적용된다.
97d00e24c2	temperature	The [temperature] in the warehouse must stay low.	창고의 【온도】는 낮게 유지되어야 한다.
eb4f30dcff	temperature	The nurse checked each employee's [temperature] at the entrance.	간호사는 입구에서 직원 한 명 한 명의 【체온】을 쟀다.
cf6ad252e3	temperature	[Temperatures] will drop below zero tonight.	오늘 밤 【기온】이 영하로 떨어진다.
7f69f49173	temperature	Store the medicine at room [temperature].	약은 【실온】에서 보관하세요.
6f13b60bd1	orderly	Please leave the room in an [orderly] condition.	방을 【정돈된】 상태로 남겨 주세요.
19a36d739e	orderly	The passengers boarded the ferry in an [orderly] manner.	승객들은 【질서 있게】 여객선에 올랐다.
b5de06fbd0	orderly	Mr. Park keeps his desk neat and [orderly].	박 씨는 책상을 깔끔하고 【정돈된】 상태로 유지한다.
7d67a3db0a	orderly	The move to the new office was quick and [orderly].	새 사무실로의 이전은 빠르고 【질서 있게】 진행되었다.
7baaf7ec9c	leisurely	We enjoyed a [leisurely] lunch by the river.	우리는 강가에서 【느긋한】 점심을 즐겼다.
320da73063	leisurely	The tour includes a [leisurely] walk through the old market.	그 관광에는 옛 시장을 【여유롭게】 걷는 일정이 포함되어 있다.
1eabd462dd	leisurely	The cruise travels at a [leisurely] pace along the coast.	그 유람선은 해안을 따라 【느긋한】 속도로 운항한다.
76ecd03c44	leisurely	Guests can enjoy a [leisurely] breakfast until 11 a.m.	투숙객은 오전 11시까지 【여유롭게】 아침 식사를 즐길 수 있다.
da9328e626	delicate	The [delicate] glassware must be packed carefully.	【깨지기 쉬운】 유리 제품은 조심스럽게 포장해야 한다.
7b2182da8d	delicate	The two companies are in a [delicate] stage of contract negotiations.	두 회사는 계약 협상에서 【민감한】 단계에 있다.
91191004e8	delicate	This fabric is [delicate], so please wash it by hand.	이 옷감은 【약하니】 손으로 세탁해 주세요.
6c82e2dd9d	delicate	The soup has a [delicate] flavor of fresh herbs.	그 수프는 신선한 허브의 【섬세한】 맛이 난다.
ea042e7f05	growth	The company saw strong [growth] this year.	회사는 올해 강한 【성장】을 보였다.
ff116f8487	growth	The city has seen rapid population [growth] over the past decade.	그 도시는 지난 10년 동안 빠른 인구 【증가】를 겪었다.
365428a141	growth	The industry is expected to see steady [growth] next year.	그 산업은 내년에 꾸준한 【성장】이 예상된다.
ee63adae27	growth	The new program supports the professional [growth] of employees.	새 프로그램은 직원들의 직업적 【성장】을 지원한다.
80a3e26238	intentional	The delay was not [intentional].	그 지연은 【의도적인】 것이 아니었다.
7d0ebd84e7	intentional	Mr. Silva made an [intentional] choice to hire staff from the local area.	실바 씨는 지역 주민을 직원으로 채용하려고 【의도적인】 선택을 했다.
b92d5a1b91	intentional	The error in the report was clearly [intentional].	보고서의 오류는 분명히 【고의적이었다】.
7e5f790212	intentional	The fire alarm was set off by accident, not by [intentional] action.	화재 경보는 【의도적인】 행동이 아니라 실수로 울렸다.
9017714e42	enlist	We will [enlist] volunteers for the event.	우리는 행사를 위해 자원봉사자를 【모집할】 것이다.
52724f6e13	enlist	Ms. Ruiz [enlisted] the help of two coworkers to finish the inventory.	루이스 씨는 재고 조사를 끝내려고 동료 두 명에게 도움을 【요청했다】.
0f4625ae46	enlist	Many volunteers were [enlisted] to help clean the beach.	해변 청소를 돕기 위해 많은 자원봉사자가 【동원되었다】.
0baf281927	enlist	The firm [enlisted] a consultant to improve its website.	그 회사는 웹사이트 개선을 위해 컨설턴트를 【영입했다】.
6c79094290	articulate	She can [articulate] her ideas clearly.	그녀는 자신의 생각을 명확하게 【표현할】 수 있다.
6c22be90c5	articulate	The new sales director is an [articulate] speaker who explains ideas simply.	새 영업 이사는 생각을 쉽게 설명하는 【말을 또렷하게 잘하는】 사람이다.
0761bd8b26	articulate	The report [articulates] the company's goals for the next five years.	그 보고서는 향후 5년간의 회사 목표를 【명확히 제시한다】.
f317c83abe	articulate	Applicants should be able to [articulate] why they want the job.	지원자는 왜 그 일을 원하는지 【분명히 설명할】 수 있어야 한다.
3695bc65da	unprecedented	The company reported [unprecedented] profits.	회사는 【전례 없는】 이익을 보고했다.
1c038a7314	unprecedented	The hotel faced an [unprecedented] number of bookings during the festival.	그 호텔은 축제 기간 동안 【전례 없는】 수의 예약을 받았다.
b0829ea882	unprecedented	Demand for the product has reached [unprecedented] levels.	그 제품의 수요는 【전례 없는】 수준에 이르렀다.
773374c2b6	unprecedented	The growth of online shopping has been [unprecedented].	온라인 쇼핑의 성장은 【전례가 없을】 정도였다.
3f33dfa35b	patronage	The theater relies on the [patronage] of local businesses.	그 극장은 지역 기업들의 【후원】에 의존한다.
45109ca14d	patronage	The manager thanked shoppers for their [patronage] over the past ten years.	매니저는 지난 10년간 보내 준 【성원】에 대해 쇼핑객들에게 감사를 표했다.
b1d424feae	patronage	Thank you for your continued [patronage].	변함없는 【성원】에 감사드린다.
