fa3f5f85e3	7f9a4184e945
90549f1b92	9b2068a24b21
74e7de564b	ddbf38b22803
be58a2464c	ea80202b09d7
8b9eec5953	8f2ec73d7bb6
b5ab4b3f01	88e04cf07231
4c75cdfb30	e8cce366c78e
cd6a8a57f7	c362fb8b3cae
4dc732d506	4df36b103ef9
7b6a01b217	eca5e3e8de91
f359ad89e4	67be3cde32c6
816b7e8ccf	61352fde4210
deb672919f	4e8f3480ddcb
c5f7a2cbcc	9a8b2f28733f
37dabef185	f49c4161cc67
905a8a3516	278431ca60c7
af7c3ca6e7	69007fa4a27a
32a7f47b61	3723c3373b61
3c76638a87	cb7b820b10ae
ff7500e290	9e50d9ce355f
b6048aa95f	729c5eb8aa44
17f2615a33	a0aad59a4945
d74e052cbb	348f51c58803
1d43de90b6	4b63e63809ae
43bc5f1c2f	9ef9ed999523
b1eaa87a41	350f9384b1cd
7ec27fe381	404bbb31804f
be2a975da6	afcc3aca8501
1370bfdf29	e53782a387ea
f93c335e21	b13903b61dda
64e4e8491f	4ea6a97511e8
c9a96ad761	f67f507d0681
34aaa132ec	7d606826521a
3bd1280107	d090943cf7cb
212226c67b	615ac8e1859d
37a104ded8	68e9999c3d00
f37a66a757	d8728f2f970e
c7bb3a790e	5f9d257ea4c3
7282a20bd4	41bffb761f3e
30afd8f2af	e881b350b8fc
c72d164752	6955cf021320
edfae0fdac	3f19e34c72dc
0c1fd5c866	800ce8bd5906
2eb583b092	5f88bb9201f7
aef374dda4	5c61655e35a6
68cf1fb43d	b02fa0d6df29
05b6fb776d	2ffb5860f262
96b2afae46	589203c28422
27744eb544	10226f40ea70
88d53ba6a7	0980925cef10
cfbc307444	c7aa9a427f11
56f8361eff	dd9defaaae33
4feb8386fe	8ac5d3377cca
d539edbe76	ecc03afd403a
5f6f57e8d2	158d552a2cc6
e5567357b3	fd3389555711
0e1ca124fc	ca1bd126fd8d
6cc832a8cf	b73b88c28f76
9cadabc251	216fb42d7ac7
b2642d08ba	28f2b93c04bc
432566f391	e9c98acbc618
b74937a2a2	2e38a5483882
b2dd43dab4	f893df8fb008
ec1b2e896e	f7f08cfb8b7a
b588d6bfe3	c25735cddbcb
0e549f8b34	caf1bff0d4d6
5343953a94	c4ec2b95a828
856868e156	a91a01a1a8db
f2f4230cf1	969a6c7989cb
89cbc9bcfe	b2d8c9d7c333
eb272b05da	bdaf6acf984b
0bbd36c36a	e99616ca3d1b
d8fc3f4fc9	3162390a2d43
cdde409deb	e8c2a86c6467
7d56be9d21	19fbbdfa0260
25d7b6f61d	275df8038107
b0e5d6d695	2a9e601cc89b
bab004ec7d	9c261aaf2701
0916430a04	2762c699dd8c
c8bbd1fb39	e89e2174eb00
555274b1d7	c4e857eb5a8f
dcc0437bbf	ff10558e1ff2
7fbc75ebd7	a43a4b7c31ef
45817024f4	09279be11bdb
a7a4b3670e	a542adba4b1f
ca359b7df0	df867c5cb425
477573c851	e0717eb952b1
ecd29881e1	7c9652e1c5b9
2e4f858e76	5b04c01187b5
dbf974dfbe	8a99a95cd4e0
71d930fe92	7a7da4d5eb92
8f819caa97	200aa37b27d6
f5361fb110	de134285d3a8
3f3b76bc35	db67841527cc
721b1f7f36	48a0a09818b0
a92b58609d	828e2d8dcbb1
f8afbee446	39296bc239b3
8bc9526e82	9f37497f3f97
b57951d184	b16094ec7119
0d9097243e	4a7ff52763d7
6614cba9c7	8a2cf3f20568
fd973ecd7b	19b0aef2a782
6a8a31a45a	81eb132ab2bd
ec99218386	2ce4e5a915cb
ffcb58cdb5	05a242028daa
6eea31200c	37afe3db36da
0de428a07e	15f626ef250c
fece1dd43f	99adbf605af2
0a08d40750	b64af7e3b2d8
875e6d0b73	53707bf0780c
3eead31e0e	75673c009bcb
44dd5399eb	9d1a5b572a2e
850f1f1612	a904ad9e78eb
f43dadcc96	2dbde43b0e9c
1e443d521e	290c8f09999b
e25ab9407b	2313fae67b0b
49656708f4	1d5b18021fda
ef94d40e0d	5c57146cf2e7
90cfae5f56	7539fbb06f7a
a36e02cb10	be71224630f4
b6f621dd80	eb305271dfa6
bdce2cd83a	2f0006be25bc
42986a6ec9	c41dea75a23d
153700d8c7	16fee7f35ba3
7f425f3d27	707c76e18643
038ece7706	5d07c33323be
fe967c9778	41856e42089c
e0db358b16	769a29c5d3f8
d3b6fc61a1	134f48c1e723
a1b99e470e	39f1bff8b7f8
389b82ad46	b70cfb14747b
7d565c498f	6af4570cc453
8d3cab2cf3	34a2abfd769e
a7d88115e8	a23baae0b77d
9ac06ae303	cdc8e519f2fc
ad592c6905	42eb9390757b
af4b7a70f4	fb74be821738
cf82a73fec	0c804b9193a2
2cf0c07e08	cca15e305801
2b280f9fe6	3ba94377ffbc
cdf821d499	6f03432468c2
c9a2bd642b	158e284b1821
d137381303	9cba413ff9a1
994b930512	5688c60d9278
570f297840	ac7925ddc331
276b6ad6e9	909bb68ed91a
701a089904	1368df8cb4c5
eb2e3d7af2	7c1befd1add9
80b6425b1c	6faf6230e23c
ddc455666f	5b7852b89cf0
997b8df7b6	72a6a5542dc8
72d6e56a04	6a14ea29af7c
04eec7f5e0	120fdb46d4c0
fe63414b9d	7facef40dff3
73f559ed49	d4cd9366d3a4
a9c18a49c9	9c2bd80e27db
f7d1b67a12	442eb74eea4a
b0507ba818	7f90b5783480
58841a8930	c7fe43e585f8
36fab3ce1d	06e162df7809
72cb754138	886ce19f3308
7d6421c5e8	1da959a05935
fa30cd6c6a	76aaf436df56
ad5a65410b	8a8281299e21
200a855c8a	8e3422297b43
8f40dd7419	f6cd2d973030
1a92f07414	2e492a6eb8e2
4f0c02dbcd	81b2358853c8
5b1b8d5e35	8fea0e18bfc1
f09f6eeddf	520fbf7a25b2
16116e5a21	ddea53314253
e261336f65	03d16357a4a4
a9feaf877f	3d01e5ec46c0
c72224c230	53ee325a4308
11fce83f13	fffdebace86a
257b0c9f91	0eef90d24ebb
26c88b2d39	1dff3d90834c
435a9616c0	5ee22bd1dfab
8b3eab07fd	f518afa04d50
1ee063a877	054acb20bd52
c150e44610	0762fe41e01e
4c0f5c0b7c	8f1811532f5f
5d8858c798	eef9fbbe9b86
1105aac5ff	bf3a63e1058b
3214ad58f3	64a6cd4fa458
ac4df237a7	9ca437753f6e
beef8e0559	74fb20a35861
d80d410165	5a227eb6b643
c5c470842d	cd451c9daf67
3980c9f907	545d560cbf8e
158af572b5	50a7a72ec173
7fa7443a06	ab56c560ed5a
b5fa1a85c1	519de1a7bfde
7e41f4a0d5	91d824d46b61
6d167734dd	c07e4d0155de
045b6df087	c3198e7ffc26
b3a1e629c7	a9f93cec95d9
c8cbd874c6	261abe70ae64
44ec695da8	434a0311039d
0552779a27	cb175508375c
3574466a0f	e566a73d48e7
b52426cbd3	5cfe42552736
366cf415ed	418854789f3b
641962ce97	b56a037e55de
1a78311cd3	bc0f0207f4c0
669d7d8600	fd0fb5e854bd
a43cbd5b20	3fd5ce5eae99
5bafc22ea5	0847c43d6b3d
c209ca0755	9fd907e77d88
693ca47996	cb8c4d449044
f2bfab185d	50f4e73d4bef
4e2444435f	8f282f79a250
c24130c6c6	7377466c3083
904d98ea9e	af72324abf9d
fa75bde86b	43a5f1193dc5
5947cde820	0fcd591eee82
0e8e21180d	addc4924f6b3
b3a3961c62	7551820eb5f7
12b6731b3e	f95693a6c9b0
6240cbb69e	7b75eff711ad
6f117b6114	8faf5b874c23
b6d9b6ecf6	ec0366fb69b2
1a399b7880	943423f50eaa
a62467d639	d04e3e22ca67
b773751da8	0a5978542739
f616ade267	0558dc5afeb9
0c8b489367	9763f80f274b
3f9d9930aa	8e1b51be2240
b35013c84d	f20b9da8317f
8d18a6120f	e125dbd1fe06
ea27364f5b	3c68945b8f2a
19366ae32a	391e193b483c
0fc7db0c61	72160d39ad4e
37f9acd042	65a558f97431
991a2c3b6e	6de24541bafc
5b33a3dc7d	ea248a0fed8b
94c566d3bc	06967ebf7d57
83d77f5910	ea07a017753b
ef31e587e2	4ab0e887ff62
825f54ef90	dc257d2881f6
648a400a47	82f1b8389449
de5fc5f9de	30886d6625d5
6b2b41363a	4cdec123adb8
708bd2462e	b14ebed5f609
db7e8f15b3	6ab21534dbfe
e115ebaca9	4911eb2f72dc
f591547051	c3eb8c2e3702
bfe5b865b7	ef868512dabf
65a83bea83	ab04fd21586e
23a1faf591	d9608b8a57a7
5a60663d48	c1125390bbf9
67236e51ff	3f4803e934d5
9e21d291b5	317369016667
a2d8f437d2	06ad408b5802
0d561b55ea	7493e5271b47
97f92cd79c	c8490f1d27ae
cc6ab92629	2c9ea8746325
e4cb00065d	001e072e3fd2
fd2aa554f0	c71bb97b2dd7
6e86fd24a9	0ca2e5772e72
9be2350691	1a031984cdab
ce202e92ec	312812649fca
16bff5b10f	27da41c5c456
40de809dd0	a9aebc629116
07b99134cc	013e22f4bb73
b57ca36878	d45bf7cc5f1e
1600ff9f67	2dac01c68bd7
b87a7126ff	3334eba0d891
78e8507ba4	6f1e63e84ad7
39dc1f301d	e210191d7e41
9aa8361bdf	dd5a0c2a8a10
25d56c796d	0cf70268589d
901974c67d	d03d9e2074f6
08bdc85c06	ee02dd9372f3
6d299e4422	311c2d07d7e8
3bf6d84518	2f37437cd24f
f2d44058ea	39ad41b01652
16125dac54	93a27b867437
2f12ad21e9	0618b460bc1b
ca6af25bdb	113fa290460c
68dda7945d	af0d7cd0ceb0
a0b06f0f43	c5a30e10cbb0
47ec8463fb	a2b5954a6c2d
84b6b28cac	34d1854beab2
7e32cada5f	83f60f3c2098
584fda2bf4	3ef451f92c44
52a29ad209	46f26cf7d73a
a11dbb1e3a	b8a921577284
daa41b6092	213901fbd8bb
1a1aaa98b1	ef65b2c796b9
bdba70d9a6	31647e409bbc
46887afb48	2414e5491f81
695f42e57b	d537c1a25b28
5140b509d3	99d24559b8db
224f5e9667	3dee8e93fdcc
4b84476e8d	a90e1d8e7f9f
ffcb3a75e1	14cde68624fb
8fa34538cc	03609ad72221
6837841b0e	19254f3c8045
053b14198b	cde43bf24362
289ce207ac	2a05672159f1
bec6fe5999	74a2a38e51df
7ef9732ac0	c85ae5a333e1
d39c9770b7	abf781d58b5d
c18605f53a	7222efd7cd29
73a8cc51c5	925f7eccaa71
8ab9629ff2	893163569959
6c3e7fc62d	2a4989ec99f1
733ac278e4	05e7c652499a
7b539f12a9	503927b1ae92
23cc029617	104fe9b93a7d
141d1f6ab9	0338fed09d0b
24bf2829f5	78272a649b81
31065dbc6c	79ae7a81744e
2353f96ae2	e3bb402a8461
6024a792b5	b906d434cd11
84d0c9ac00	82fc6e3a1650
405f4bf0f0	99eae4958c0e
ef535b955c	f01a7c2c4956
25f495511b	5a74faeec1ac
b40362c0ba	ad8fd51f237e
218dcf5691	3e77090bd6b4
4761e07e9d	94483273ca69
e788e16fa3	c3216cde7667
b156b69745	2ef0ec843019
515d152a13	2324007f5e8b
fcb37138be	f8171c926c24
792b6b3493	778373adf0f5
3ede4d016e	fc1da52e16fa
4c1886123a	d97038a6e677
303a2c83df	20ec6f4589c4
1f95a6a77f	9aaa75ad2a30
57970b1264	0f0c2f8ce016
84bf84c697	2a505112bf79
f1265acec9	df3aa91263eb
282707fefe	bb6fa11cc13d
b127135fa3	edfabe8b8a4c
6c2f65dbce	91b4dc9060cc
dbb4d9370f	8daa501e3d06
27832e6d24	834d2768464e
2c57fb54d3	3df13d0321fa
84e4f19ccc	592e13927f36
fb7f89b6f3	75a26a9bc717
6e8a32f362	8fd233138f73
3a26a57e19	a2e111bfe674
7faefa0cdd	e0097126c5c2
2c307b8112	ad83e5caec25
a4e707631f	a558cf853625
86f4f07a20	734a57434090
f9bf2d34a6	8d56c9f63a84
451a342ae5	19f5acf54b49
4ce493aa59	e83209938bc3
db4ecb50d1	eebae87495c6
f37e8b0dac	fa1f826c66dc
54f27feb7a	ebe59b770319
5ea5ae5420	2cf6bb6a4465
567e6acdce	990c89ac5cc2
c60f924a9b	5f9a93b2e38c
3deeb2f11f	8c320e0d6f4a
e825162d45	b0bced984d8d
419b14f0a5	ce9af8caff06
5cb6125349	dc8dca887369
2d4d5b1b4c	1bb37e59fa37
6cdec608f4	53fc7a059c01
5ce4d8e22d	bff009d7c48e
495cfdf584	35899fffe50f
29fd167fe9	3395e96ef8c5
3963e4e4e5	b9d511f1b138
b09665fc98	a71c57caa272
2e93d3336f	27900d1cda44
01b4480c4f	064fb4afe78c
6656f6d4fa	1201c6096fcb
fb8bd09bbe	eaba918bfb8c
43a456b341	472c662988ec
0febf9c712	92a124c46b97
85d129bec8	87b6efad878c
e594d1db8c	a6a9ef06aba4
312b47ee88	d2b05747aaf6
6b5468934d	e08338fff0c4
1e9f657276	f9787ffcd136
3fb28cf6b8	98f48f647f42
3267c5b047	f0791ca165d0
2060f7365a	33067b94626a
23a723ba93	c230ccbaf934
519bc83166	73bbbebc48f1
14e0e6b3b4	8a7fdd9004df
3f2a438bb1	ee6c061a955a
490270aa23	aa95c2287e73
4f97d222ca	a925bec57c61
070bbff92d	e49624b02197
618866ec2d	31f1fa384f39
2fdacacaa4	40ea1b862b05
a95ae3c560	278f76466807
1a31f4a27a	cddd334543bc
82ecafa3d0	10b7bd27aa96
64b70d68c4	1742996ab698
ff326072a0	c332c5e5a604
b58c2baff6	62c5b600b971
2629543d58	4c3c1444048b
2ff4f9aaf2	ee0e6d413855
df40d8acad	614ad42b30e8
9b2fc10dab	01462172ecc0
48146dc833	f53bccf0050c
20bf5cde91	364ce2c11175
c005fd15a2	55081094f6e3
64175e58cb	645fe8a790ed
8951317912	c8ad51ed3f08
6b57ce0aec	e377df16cb4a
261369c4e0	b12fec165458
46ece1dbf4	47e58a5f6f30
faf2e5f480	bdbb774c9e3f
7b5b81b33e	8880ef6ade39
16b30672f1	2f1fd9ba624f
d7114aa57b	751ff1272102
909ec9e7a8	863424f1f3d4
dcf3774957	61e3be51e91c
7c873d8e40	39bc40eb7d6f
ac66998ec3	dc3ba50d0ff2
50a0f13000	287368a820e8
a655401b32	d14be8765872
17089c0483	2c7c27008fa2
113493c8b5	dac59477d735
71b1972be9	be3d34b6935b
55bab60d1b	14652f319ce7
45a19dbea6	2f5565f8d200
09fd1486fb	abbbf7f2bb26
d43162d833	b7aef36dfb88
71fd8509ef	79c819073e5b
9ba87cd288	83c2827dcdfe
ae192bb996	fd34fdd41332
74ae766a84	bddf48af9695
6cdddad443	6cec8ee94467
9af78220a6	13b6cf80fc5f
9d215f5ea7	41517caa1b37
b6f487e7bf	2036a947a148
4e18db7e37	ec5f928898ea
a767fe2496	19cf6bea6998
06990222b0	5a60581d5ca8
c31c04221c	9ec7a94a8d34
476a86b282	b71571f06e68
7782caf794	490f7309ad7f
51fd193600	1c87a0f0be97
54b3dca28b	cc1fb7952b84
ae3c702566	5dc5ca0993da
e82e62b184	cb79b3d79a9f
707fec6eb4	4e78b5501a0b
671b48bc26	0e5cae80720a
095425e1e7	9aed0116508b
fd0a896f3f	24247eb2a3c3
3bea449661	42b0e841a353
bb10d6d08b	f2dd48b822af
406f742f08	49c8221c208f
e602e5cd2e	88972ed8f4a9
c8e1577640	cb7168e3f6ac
b7291f18cb	e6ef4bccc4a8
a0d1313e96	072660e9b3ff
0b2e300690	3cacd48d7a39
b03f2c60c2	a6612fa52f52
dbc6c13cd2	bebf361a4780
d0e396c377	cecf1b7183ba
c5e2b21f56	13709a9d238d
2563695a6b	ad5f9b585a77
1ece87b870	9a0ef3193f57
cedcf46231	8099f1e84bf9
5789d25015	237bc0e256df
e468744ba4	39bf6bcf7307
86d0f5bfa1	865ae9be9af8
e1473ec8ec	0cc2757a2756
1a2b08aa79	860d2b4f62af
ffc3824d94	977a386b074e
d2bfff5ed4	6faa6cdcd2f5
547c297503	0a929edeae74
8479f9514d	e47db8a4987b
f92fe9258a	095a95131f21
16dbba2f5b	624b82f38d36
bf140258bd	92eb4cb9bd0a
e702e07269	7d2a1ccc4901
e68113eaab	04d96e56d212
3544303d5a	2d9eedc6b9be
295318cdf1	a3b39505381f
5f42535d15	d7348b3f14c4
cd94736a31	f0b318c07099
4cb16d79af	204216f99c31
0007b7026c	bbd201822319
ab08ca2c7b	8e8069d024ce
66e2ae13c6	aa75125497c2
c224f62688	4c52f7951275
dcb3309a26	944eb0ce1161
7be24af570	ea9a50617a5d
020f61a2e0	53316af6b145
7d3d855799	be7f3adf6524
d65627019b	7022c826ff67
4eea9fcd31	ff9c827ca638
c993760f2c	64b905b3e816
beda5d3740	687b61be660f
22167ef473	67552ff797ef
2d07110577	9ac3a833f614
670386c295	ee088adccbad
2d593053e1	9c4c3f437fb0
9785863e9c	70dee058e3f0
f3f5292a4c	e416d9a5b7c6
6ec6695335	6deded4adae7
dfe68fc235	815b24138739
31b66daef3	bd4e95652b1e
d5351ab893	76e4f9aea0c2
5712832154	15124900d583
eb3c7e1553	c055746427f1
00d78ea745	72e704f77d4e
7723e4ffe8	0508c80800d9
0f974e232d	63944252a371
ae867c65c2	3cd7eb2a6c51
d8565cce6a	73bfc60f0c5c
7ce56ccc86	43b20a38ed41
2c8c50b395	9cb169ff1b91
3226a3c0d8	8e3875ddf9ca
1aea0f2d69	714bd258db11
6e1f418f84	9256ed93987a
0512f4826b	8647e1b3bf4f
d4d32c1fdf	fc63b3aab6e1
c05c2085cc	8be993d09e83
97758c3318	6b9585c0de57
b429e0e198	c106f203b905
96f2c7f5a9	0268059293e4
7e8ebda078	ecba165cfa07
9b21b7e106	3defefa15aa1
e52fa7d67c	1472f05d4993
c59a123cb5	c8021f3aa024
670478da0e	e9cebf24b9aa
2952d3b28f	52c4f74c4923
ef245f04cf	fd1d4c9027e4
0fbce53854	72e96fb2cea7
8f1f51eada	1a33eea1fe62
885e4b6b05	d7d40aee8802
4c47cc299d	6e14a61b9533
450c3aeaff	921d8a00bc39
12108cd999	4782f3b72b4f
6122e38ac9	d7f998f0cdba
f4a649c92b	9b817377c696
6fa5319b5c	63b390c8802c
af856cfcf6	2dd2040669b5
1ca452b8e1	bc3a5970b04d
a844a5da8f	7f8ee40bf808
c44e0e06c6	cb2583bb0152
4a3999dedf	68db86242b4d
66208e569c	d9980e60d9a4
8d8b1b08b6	c3efaff9b0c5
9357b11450	c77f2bef7d39
2e1438f0c6	1b1bb0b7009b
a97d06ab7a	6b0fd43f4cd9
6d714968f7	3b2730ed9572
16f5fd70b1	7e3e24345c77
30cd3f874e	138a3185afb1
fa4335bb28	bc10dd72dde2
f9745c43d0	caadb3731d43
a74ecfc246	b8524ff646e1
85dbdf63a1	7450867d2ffc
42c1810aa8	81cc429356af
d1e1a8f979	b4c17416f159
ca72b645c1	0d8e8d8b756b
69ee7745f4	e840e624e72d
628162cede	c6f737e8b6c2
8c0e5a370e	f93453fb87fb
1a875ffdc9	da40f6159bf8
d218ed21c0	f457ed895129
1314672c39	ff7a50309c9a
2ec1b4d0b2	56852a681a8b
c627134695	6db61a23e5b3
2bb8d87c75	57d8e2fb0ef3
0517f3336f	34c8fb88f857
641c45504d	9f29fe7c65e1
f0b6882b45	b5b6b546f1b4
13f8024853	473eb4888953
87031beab8	d1f68cf53ebe
e09ecbe6d1	f4e78683524e
14ebc89b34	fd6e9c019b37
ae6af68f51	998212e8d0e9
a2eb43d3a2	3c74df5e8ccf
f044760e70	d0052d23b2b1
4b4b584b4f	d729e5b92123
bb2ab015ee	6ee1588ab900
73e69a0634	007873528fc3
bf1d6efa60	7ff8c0156133
0162290bf7	00c317522cbd
e49ac662dc	9cfbddd7ba72
21bf6a5373	174be47c1177
ebebcb8809	ac237060f844
1fd473d2e0	ab61dfff7e59
2e7046ad09	ac0aa257fcaa
c111e0d1de	e2e7d2e60cc4
0a1e76bd52	2b95e33ffe95
10e2093b0d	6a62ae019f02
3ff5acdb3a	2545af9012c7
bc02ee8317	b220e859a9c5
1aaaff56cf	8cf28f8fd693
1b89607667	2cc049d40242
2adbd8a150	1b7883774324
52198a00c8	6ac0d051c5f8
1b9f9d2182	66fd42f15414
990e872682	6f214a752a9f
1a332f21b7	e26495d3c34e
72317a5d89	1baf88d9d2ac
df400cc090	88ed033049dd
c9e0d61f41	0da7fb096a2b
a4628885fb	4398fed0838e
fee339e22e	cc81201a73ad
e3948b5266	935e78eba660
5222ef1403	3c5fc83de9a2
c40dfa8352	16af2d92353b
32f0cc2c9f	ded5e56d46e3
22f82954b9	ea56bce3c16e
88b5217ecb	fdafc5de9f58
335af5d1d5	8afe35fa456a
ccc72b8bc3	0cb93f725286
1f0c055c80	ba030d471bf8
4c57ec7189	05b65c25394c
cacedb1b7f	6d499a04e502
0f1ad4f11a	5c0a29c9b281
968c30b261	5d46963eda52
a36c018db1	4a31c14aa203
3c69355b97	77d8bd6ee21a
0583af1d55	d605871fa1ce
5bfcb229da	fc9a0ff40639
8bb90b9b6c	d36b9dffc5a8
40663d69ad	ef47735d8aa7
9472db376f	b9d6b741a4b3
0645e309ec	b872c0d885b2
795661e2ea	849a33a6051f
e5dcac9b94	082d8c163552
ca19eefba2	4eff4ff2a70b
f1f92b23e5	e590f5fa79cb
e96104a23f	928578c5d2c0
0796bc279a	c11849c30e7b
26ca9b76df	e29aa0e3cc6a
8ef8e01db0	8a134e1d7ecf
37ec51afeb	0ee591ec088b
fbd45ae0a8	4b77c104fbfe
86f976d15c	0ece5e4eae5f
9a6927bcda	f85e8506090d
7cdbf033da	fbba0d4a63ab
7cf1469f3d	7a4b2b6ba390
b3b658c50c	fba5270f94f4
29a64d76e8	8360c2d63621
1aeb23f0de	3b0fb09d609b
9a7beee1df	d900916cdb22
a11477a2a6	f09a159fa2b7
6933611844	dbf735b20a4b
8817f0ecf2	bb0545c3b4b5
e963d9e12c	2c1dcadad98c
c5c4220b14	8b641b39bb95
1d48ee24c0	bd9e93ab636f
b4efa33cd7	5af5c174b06d
60590bf6d8	9093700f25bc
02cdb54934	175cc55a712a
f33ff77614	3ebc14f3e96a
494d66c5a7	3a5a38e1a521
f7b4506951	02e1cb5794cf
f26632f1e7	d1bdbc0ea469
a14b07ecde	117d0246bf76
ccca86b180	0d46bc8fe0e9
7cf52161b7	c09d634b700d
1631fcabb7	d9cc1ff3741e
a56a0199eb	712cca3d47d3
a61c000cb8	528b15135ae2
d6986a32e1	27260f1966a8
fbc1c1eb42	b67dc04563fe
842229e473	51fc92408235
236defd618	baea7dc31df9
8d54699108	3345fccaa97d
45008b3df7	ba974d6e2004
e6dfb3a466	1de4137ef5e8
2b9b603381	5f1309451a87
609e9f79cf	cba147e7461e
17869b0419	f5d3708f7368
dabdcf6c43	5071aae7bdee
d262c569ce	98f47c653591
be97644af9	9bb8c7fb3475
5849245fd2	14ee0b02222e
22adf88d06	5ee9f8266203
54b2cd5acd	68ae5d88fced
9d900dddf7	ef1e143982cc
81aae9e076	4b8d492775a4
919059d1f5	df7d332b0eae
d67371b890	9c0994f3fb6c
5c4f33af97	211f5e30520c
06dccbd2a1	d509a543c9b8
3623e6a220	07f0f9a12b8f
64c002e045	3fd596d247eb
d813b31c5a	34410da34a6b
8e3ab51ecf	c6c86a7dcf24
883436bd03	77bbe708ef20
9f750a3a11	5be649859143
bb45f73560	5b04deb7bbf6
67d3b32f15	bf0117e05c40
3a81536cc1	11d7b5b8f3cc
0f2fc542b4	ad2dad3b0d65
537495ce6c	46229c00a848
c60dd96c6c	8a3d9ef92bf2
146a98a487	1074fea88ab5
8b27c0589f	f9293ec37478
0286d25fbf	c018f76a6263
acfffea381	fd840d5532b8
523cf7bc27	c7a654a54b22
4e483ab743	e51f32ba9714
2b9533b465	3161dd9d32eb
77facbe1b2	896f40c5e667
a79a0550c1	300c3a6b04c7
963ce9b5ab	4d530f5c0cdf
71520647e5	59227c46daf2
4a3bdb23fc	edf22793c64f
21ffed0cca	49dfec7fba38
36ac116a57	f49dfd7f5afc
fb327700e5	b5e6a8d7ae9e
920ffe72c6	3e4111dfe679
c4bdd2541f	4ad776b200d4
d5bbd9d029	5fc0fe2c09a4
0bc7307837	54c4f55117e6
2660e01613	fb8926694ccf
b466271ddb	42caa834d163
491e4aad39	317acf50bcf4
73a8574e4e	6558017f1a4e
4d69028803	fcaa8db915e5
3e325b3ade	08347f6545d5
25223b5806	f3ab0f7dad5a
eb053a9bc0	052fd20259d0
e35b953506	59cc3fc45506
55a4493a31	a18e471bb4b2
ce4124db33	5ca91bc98423
471871bbc9	e2de66a4f566
b87798e5af	e3070ed21891
da3de8baca	20ed39459c10
857d169834	68890fcdf0b4
c06f4a5264	c6c2491eb65b
98dedcf4f5	281c504c98de
2754f002ff	6891b6973613
ed4ac2fad6	d36b4ee1ab16
4a9af7ef87	feaa532b8266
112000c400	28e04def2f54
281bcb19ff	074bb0221100
27643d1ecd	f57851b3e738
8cd56fc54a	1ea747423eb5
3806b1889b	9ffc344e2324
fa534fd352	4c4538c372b3
c9e9ce5085	2766166c8cfd
aa751094f6	1f40c069a458
2fdfc35103	326496cf0687
a0459a3c60	135ec57c8e64
34a2b7a2c9	820141040d84
c0b6cc7ab8	32e439481106
5da7444442	27f8641d82d3
eaeae33679	d3dfd43f5a37
19c0bf85e3	a44d5baa6365
26d5935b65	4a5683348899
1adf11b9b1	d1ad5457debf
129b8ae9d1	9bee1aca2420
dd21e2b8f0	97ab44cf2cde
acb36daee4	f5153e0826e7
bd3f3d1797	801bf23c4fbb
c67f4a2e3f	f3c2ca397706
bc7df15941	0fd5a1c408af
f81ba8bc3f	fc4024065b37
da14b6f30b	111001ff32d3
d694b0772a	a4b30d9f92d1
18cae6bd4a	6c75584e473c
f8c5fe105c	fbbd740ec20b
caf10ffceb	dbf58e3cc4e1
39b03b9fe2	68926a4bb3d3
8c132841ac	2951b39db423
d14bae1768	394dec5bc7f4
0cadb18058	a61ea7355aee
f03320dfe2	287e85d0e7ce
cd5b0a3cc5	231e5d187ecf
17cc32351f	6eed1fbdfac6
25e35a1d5f	06fb172c1f5c
6edcf37a9c	8189130219e7
bbe5fa3494	94f380eeb241
03a1e60841	354038182044
eb52ddccf2	49f4b6fff161
a5a883822f	cb18981aa9a0
6026bb3d8c	821e549c24db
56dff31d84	558b57d6cdc3
84126a875a	10ad4a0cde25
c2d276562f	ceef5416abcb
047e625711	4244a53cf61a
e971bfe78c	56a05c5796af
4ac7ef659e	78bcdfd8616c
d81bf99928	fb63e32344ed
17e26132b0	10c25de8218d
f4a6334fde	e9bc7672ac19
65400b221d	c98f3d844a88
73df571b59	2d87b6281e3a
f263af5979	f9b633566aa2
105ff101e8	829df73e0d17
da442bcb9d	c6c019079c01
b4cc4cd748	7e4086ef6290
1320b5f67d	8a78b15a72dd
9a9d9ca7a9	17f235e7680c
c6e412699f	bd15d4012691
c062080748	273971070d83
4ebe666578	da4e468a613c
c470c3e392	f9af25813381
9f766aa93e	711532837ffb
61fc7cabe9	dc213fc57906
6de0de5c0b	101472d6e789
c5dc42f2a3	956124f62235
e7eb715583	02c5106641a5
d927e55eb5	ab5dd2a9ddd6
0f884fc1c9	1b54c950064e
a2b8bf5090	eb519d6b62b5
1317f4e716	4d7fb4daa61a
4b56dfabf2	906dad4a5f40
cc72246c31	a57252fbb7f0
a3479c3061	7788b464ddab
5b416e132d	fe1c9215e6f1
76d350b2a9	166d1cb70978
4133e0a3a1	e163baeefdc7
f8e9c98dd3	3907a64c38c8
c3a9a98043	bd22f545a576
24a2463a14	062b8146ccc1
7f2f8be966	fa3528a3de83
8ea128dd60	7c8d018c29ef
2882a00a3d	627e37d00792
5c2dccc29c	7c1ffac5782f
c220a34f73	a782a0fdcb50
c8c4620803	f4a8321cb993
8f64f56840	360240748019
fda815fd6d	62f1b6b0186f
e0e6aeac51	be79419508ca
4529b5616e	1b2e5accd00c
c854a86d7a	9979bc617bc2
58fabca2db	221da9aabd16
7e0ad2b65c	0261374bf11d
0eb8a2f1ff	b3580a9d0305
76d85d7d57	3053164a8d33
104307a0f3	7b5ae8dd263e
9ec03fa1f8	5b4ee111d67b
ffe6e1e7e5	9e0220dc2440
8097cd113a	dd0c8f7f92dd
2147d34923	d01803c18548
4c2668f3fd	812c860d714c
dea783ea83	33901c0bc5fc
f9f076f0de	5ccc0f7877f2
5a6a8e1188	f8e4c587a1db
df17097fe2	cf535ba1f3c5
bafb1d217b	391abcdc7181
27d4798ebe	b4e55f4155b6
5eaf564118	7f640aa896ac
9966f16182	9cce1c16b3db
f28b3938f1	69f71063ae17
dc3a07425c	0e5fa374cfe3
17ca3bcb72	cc09d6d96077
bd31abddb4	302798233d26
3da23984b4	3b9e2e1f3a3d
eb5bdb55b6	76fa45db5205
abcf1bea49	266fe156812c
e269c936ec	857e6636006f
59c2211ff0	38594e55bdb1
06be42b9ee	066021e2d7a3
b5b2eadf5f	4c429e66fa98
ac5eb3fab9	cf75e9397f32
eb8071d9db	d71cf093b990
06938fec5e	46819d912623
8c019e6131	93360eac349d
7ce42aa036	bea339cd4643
59e1842e5f	f1bec1d19234
b147148bd0	feff2d71ce5a
b1af7b5e4c	c319d597a6e4
ef17b34174	e1d44ce25cb2
8a3687e299	57d899d4d659
e2bf9cd958	b249562cb6d9
9c065b4870	1f8725609315
90576c25c4	5a37e1d1825a
c013350903	ad1ec2a6e95d
1878d7b487	63ca61153da3
a3730fe4cf	d831e02bf748
c0c1433b61	318391c897b8
7acf9a091e	35e5d6076cf5
7122b22449	0575eea439eb
08fb3c3876	f834f477dab4
518a7bf90a	865c523eb5a1
15e930f9c7	0c28942be23d
e83ae02e2f	6b0faadb7f4f
3506ead2d7	1021c0feda4f
af8f32e4d3	5a0cf506d511
474f00b74f	b64a0f0c63b5
8b6e1e3ee2	48d3851d11e4
8966be50c2	84825cf94307
a3ed75b32b	30c80cabdb3d
71a64d9297	5bcdf8a92731
8fa9fd8d36	de0b830f05d6
45e0ced32a	166d4e48dce4
750c294050	dd73849a12d3
c985de14b0	6de673af3ccb
ececcedcd7	99c267ece8f3
b4c2f630a4	6d9816a3229b
034d9f2877	c4c99cdd037a
a1b673e0a0	a9af621a61b2
8e4c8b0ae8	10bae8d461e6
629aade5b0	ac860d51dd82
2bb2eda479	11a49e85aa0f
5df1cc42a8	6211a8f69967
d1d9a77e0d	f591f703795e
97d583baa9	08b239adcf5b
a0a4b76c7a	5444f2718d95
f0293fe9ed	e8b477f1c1f5
10c4c5ee03	ee4d6b7f63e2
ded3800c10	ca832c0f3f0d
9bc74c59b3	cb809da07dd8
a54ece8077	5ff85f92088b
d24d932885	c3c18017a105
a84222f570	3e2cabc8669e
bc73c39826	7a1e3a066d36
78d27db39a	eeceea272de4
fe5dff5174	80a2364ffe55
0ab5af8ed7	c9edb81e8cb6
72eae2aa95	4745cab3445a
ab2ca36f8a	56a7a1af0202
2fd388f054	9c1a22664236
7c99b3c22c	009637f49973
143fc5b513	262522af1775
bcd7539b2f	673b52b0c1bb
50c9007251	da85314de828
f34790d4e8	e078d9e269d3
85b35266a2	dd5cf6799316
f9fe5854bf	13ab5436b8c9
ab24cd0ed8	f4832de220b1
64d5f528ea	1228d14d4844
9fe782741b	5517cb034d93
39c254601b	b2f586e5f749
b2a216a72e	c060cd909128
7996eac510	8145517663bb
0eb8f0f494	8fa361ae350b
0bad263587	177a50bd9cd3
121aeaa8eb	e1052b785106
28327cd99b	922d49442504
ac95890bd7	5bcbc134f86d
b001aa465c	91898501e36b
35f6c33d0f	7db9a8389741
fe2e1207ec	228b0acfaf44
7facb066f8	d5f89b45be8d
391dbf1609	c80c5089fdc3
7b7ed9100c	42cb75204f87
e96f2a6a59	732cd5ee9bbf
4504707d11	ea407993caf9
febbb3d475	31e29928e55a
51ed5226cb	84d97e9a6e14
1e51679d20	3e4e50490ba0
2f010a1b83	1d3c0e39ad4e
c6991fc086	5b2ee3cbcd18
7ff50dee4a	22479707fa86
ade3e05dec	0878d015f7bc
6dc94e22b7	724c5e8a72ec
aaa5264873	470676e4d300
dd2544294c	eb6aaed432bd
a7c906c214	833d6ad82f3e
d70afbd4ca	d20e161829d0
01febcef3f	ee86d3ae73d9
9a1703b3f9	44b89af7c146
90d6fff899	b10dd3e8b86c
d2f762dd93	d80a74fd2171
0d06f3eb79	84db2d4fda4d
ae2564c060	6b88e9b046cd
d4177328b6	13af808e4c27
3cd02f0e6a	334e7817caa3
380c67158b	21b019c4977b
2b0672bd9b	d14f4c2de638
b600abf21a	cac5277acb4a
99f6b9b313	d63307778779
c0f23ebf05	6ea878b35a90
6de658bd4d	2559191a9fa1
bca961a394	3ca00885d1fe
85bd8972d9	a84f2d1df073
0159945a90	9d3784027f8d
cff643b269	61a4264a7408
4469a9ff11	6989f283e5a5
bdab033d8b	2e6fdc9dcc8f
e11c1b8f53	47d8d4b0ca1c
6b8618d9f4	0b8fa5c6e740
e1f133b48c	3d98edd3d42f
65017cb145	63f4c9d7375f
8dce908b66	1c1eb285b029
3019a6df61	4bac5c8522ea
f5d52bbb87	e657cc46ad67
8c34362f3b	9ecbe0367c14
fe7a0f2cc3	5facbf1db630
baccc71e17	b1387e48ebd1
51d41a01ce	0924a8f11754
02490234f0	e97f41e57ac4
330d0fce43	b30858e9fdbb
efc3fe8129	3c0232b4678b
f35701308d	35b34f9e7fcf
dc0285ed58	7c554dd38dba
64b9b0f669	5c2d96e4997e
bd870b85a5	3421412b3a6b
a7d53535f0	4c728170edda
0edb4aa454	b469b6df6c09
7f79ef2671	3d6f68e74303
de583dc25c	dd67c5c709ac
83ad69debb	46c3a088985d
6616fcd5d2	7a677c67a4a9
dbd50f7537	255bcd9982cc
3854d2924c	14966fc52c41
bcf2a794d5	e2e68033d762
634f5b55aa	0f7d879c0dea
4c4f69d214	8650c56022d7
130ab3dbf8	f0d70f161e15
871b417b82	a6509875f423
b0691041af	41a99c79d2fe
2885737f92	a06761ff9a50
f45c7fdcb6	58758d14aa84
bbcfee45ec	d58ab55e8209
51d0b5b4c7	26efe760f6e1
b9317512e7	ef3c97675993
7d9181da78	84da5db84e90
f908d5a913	fe75031ca8eb
6df6116349	fb31239a53db
c10a487043	391a462f2726
27a12e1986	7a70fe122337
cf0e797b60	0b788d734a57
f2bf2c744f	a27b03baafe8
6fbd5a493a	e1d680b2fea9
dc6b404fd2	96e76f4f55f3
bf0919600d	26b7c505e098
3491287c75	a69ab5c22f42
7bcf3d8e33	c44fd72b3f8a
6e56b71bdb	a0aa95cd932e
24e06046a1	c4d621e8e8dc
2b2fa18d39	250ea151ca56
3aa2d4cd42	56561ae9f5ee
156021cebd	cac128e90374
36994a35a8	9923290a0450
8419c31d62	114fcbfb3955
d30ef5c3f7	72167e1f5883
2f6fbf8620	0e63548a7885
bf47ff7d45	a83a8fb0bacf
41cb9e63f4	25b168ae9a55
8c3399a7bb	b097a7cb7793
8cb7344596	657e5f19215a
ef2326c6d1	e4144e55dd6f
64c9e962ba	bd329bc2af5a
33d60f7416	c4cdced7fe94
41d3b3598f	3de67c8e2ba8
2543c08333	18531f0fa320
45ad6baa0a	1adb9113613e
dae9acc4aa	b100ad905fc6
f33bf7b686	3b100e92cde7
9568ce7b28	25dc5903b821
0afc069cdf	cb64234a85d3
241d028f7e	e492d28274bb
3d40903bbd	e5755ad9ad0a
339623250d	472ecfdee08b
e669f2c49a	ebfa3618f869
aa222ff246	f7680f67ae26
f331b57a08	3162bd51a87a
86f218914a	8c9085b2a41f
a2f8b42a77	e47fc02d67f0
65db48c3e9	e897958c1e09
86fe586c31	8960a57b0f15
c41a5ed320	76a4aa361c20
6ef9a71e81	98730acc9618
f6a38d5151	b1d5494d6cac
376463ccee	af3a9948decd
b16a2554f6	88acb3f5a4ef
49cc112102	76e240300ec3
54053dc0b8	2e3a6452a999
99f1d1ef5b	3e2982ee7542
f12b623a26	2fe2d59af3cd
6f1fe5a9de	19166734c93e
85c3c6c2d2	8c3e02e56531
dc4d2fcf77	591a133353cb
c1de386430	40f023630058
f55467182d	a11b9dbd6c0c
fbd781e827	fd0d56b35ee3
61b9b7056f	12cb378ef86f
042ac13e39	437221c47363
191c05f991	485837d61072
f9b4c4f91c	a52e49416f34
41386dedab	539e10ff6ebc
815d6aa222	baedfb47a1fc
b9a902ae1b	208406291f5c
3c72f3e49e	2e498302645b
39623ac228	295d7935e185
067042ade4	257a3fd7421e
39169147d9	4a4aff58cc42
7f81f0c3a0	1f3749a127bc
be0b4550c2	e046258c8584
4bdef2593e	07729a9c15fe
f3b7b2b849	3b8c7f0ea7d0
35363bacff	d3ebd72ddce7
a7af105a3a	c5fb3c5a98cb
0cfff11069	5f558977370f
ca0debf2d9	9231666a76a9
6ef9987392	4973de7ec8cb
e5b08e2573	27435c5961eb
fc54818c0a	2facede673af
9f01fc620c	0fde43dafdcc
5e431c68f9	6fd1be9098b9
7eb9a23236	1c4a60e68638
ee64e34495	fcac8b6ad1b6
13cb44088b	db412f3e8274
754e436d71	9adeebe11534
dc5c9d62d3	84d10c1eb96b
6946233cd2	8a249bc4ba8b
e2c59c7a22	6b81ccb46e01
9484f12631	a7f1c396f98b
d2674ead21	79e8d8863ab3
a83a75d84a	44abb7080cf6
18223be2db	780146f2a9d4
7257d4d299	077746436b8c
4c70d861f7	1f34e093261a
10012ff157	e532b1656b27
c64b335304	547619190833
34c06bff4e	a8209818d13b
e20069454f	1c3616e32ac1
b244e79dde	9edba9d0c3d9
3988ce4886	4fedae31ad7d
bf3f4bc04a	0ae09ba0822b
f3833bb124	49abecdbe826
e47796d08e	fea0498c2adc
5ce2ce96a7	be5fed15de98
38050090c7	79386d55a2dd
21ebb424c0	1906f41b98b6
fdaa36098a	08bad818eeba
edef77de33	e954c7a8bcdc
e3d42301ae	42608f307c5a
89ee6d39be	db572cc55b37
25fd3adff1	dc957c2a60bb
0def71f3ce	7a1d4937f405
4d3f4e80bf	bcf89e41259a
3ee4603286	fbe5706a7aa9
16a8af56d8	a477429a901d
2cf4070ccb	b81a4f79eccf
b0ed79b225	5755117fb6b4
83fbc3c78d	b3f834a9130d
ea06b1eed2	55c8bdcda910
3885751682	2be418433fdc
f4c66910e9	0de43e3d46d4
15ba036b4e	b3a3838675b1
a2ebd7d121	a72d7d026a85
e8f97e77a7	42b6aad96b46
69601940a2	f7248009aa00
6cac6c309a	3d8d7b39a0a1
75b2ac9cbe	b3de202318f5
a884082cdd	44cc917b5c20
271060f5f3	10f339da5226
5cdadaed77	855470b53f9a
641367c7ce	7ce0979004c5
12cf57a098	41e1f58a2fd8
6f256296e3	baf85a98e71e
c83b2953e9	3f8365f8252f
8a9a047687	bd72f558a77e
d88bc885a6	4aba3eb718f5
3a2099136a	5bbb6fb2cb17
050de7327b	38b642479935
49f34b868a	a82d950aeeff
4440e2a0b5	d0c088d215c5
146e581a1d	85a1e38be593
fea0313b57	d4f70e413ad3
e37dc77fc0	87220b69b94e
512b37e00d	ec0bbc2f67d7
793ba96f10	6bac4a64fe63
c910855de7	d88834e3f01e
223842dbd5	92b41db59e94
162c39ac78	7eb04f2d739e
26c45e4d06	e42ec9c5d1f7
4e91a61e7e	12f1240fb374
6739c9df23	c46c49c01c53
ab2b470cb0	19272cd998c7
c5da0c10f4	44be03066014
653cad4951	3c06f9cd6a51
eddbee59fa	ce55f417e558
e8b78a4aec	cc551bc13ef2
eda9611ea8	da5a37b39e3a
e0d31027bf	d089ef4eec3f
a5d91df0ab	545164546977
c8635332e4	ebf1b1c1cdcf
2b842d6cd2	a1e843b73fff
0659423e74	aee45a53e2f3
c25c3f4dc9	bc222b2b5c60
ab560a0893	949b01231a73
a922d42388	076d5c7cb8d6
5a3ceafe84	4fb268cb6962
cdb62616bb	1c3782ad76d5
06b5b187c6	ed00a30be50b
28c4aa2c3a	1e35a6013810
a4a00223f3	0e42e83f10db
e05e46f114	4758e8999134
6f73d3ce97	2cf5c4f79bf2
06f2c0efd9	0c7b22b36af7
00f3e4f7fa	0ccc8a841e8b
1069582d8b	58c3c3522269
7ba60d698b	40c5f3a85e9d
8c8ae9efa0	33c54c7e0d21
35eeecf522	55bd4c71c163
56c21a8346	30bf948c2904
640f20cbd2	f907bb815abe
30eeff7476	1b224e01bee9
b00e485eb4	71b4778618d9
04fa7a913e	4be9045a79f3
8a2a36b602	0a25e6255135
0bf680acdf	39609e085c4e
2c796cd7fb	ed33eaf43d5b
13968fa98e	76f17100f6da
1e6e1fe657	cfbc982d8b59
862879d520	6dee89f998f1
19ef9eb390	271570eb4607
fd97ea5768	24e2ce5e545e
8c832e81b0	2c79daff469d
a15f71deb2	ad82c4b5fe62
57ad40e6e8	842186ca7995
9e6c9ae0f3	97ec628e3099
91ecca4198	9c3a45688763
9533449472	a415b7623222
2951e46331	bcc27f335531
7bfc0e7369	db35dc20e548
47e07439e8	d11e361f0c2a
55bac1a965	4fc301504296
97aedfa46f	08bf81014155
b9753aa457	054cda595d2f
9131c68049	4ce21e9d73a5
e841164115	c5443cd10969
b36bb00cb8	4c4f438872a5
0348679b6e	2becb71c35d3
7454e3d8d2	609d6272c9eb
577062de64	be4132abf159
3a7f10c3ef	e32aa3e596ab
640e48e3e9	de59a21a8fd1
1a1522d8f4	74745cc1a7db
6dc849fac2	fb37a33eaf3a
ee2bba2365	fd3ea970737c
05a64a39dd	790b5cdabd71
8ac45ac3c5	9b007c379aa6
cbd9d535f0	b8371d06263d
2515f8457c	8397b24e49e5
65f34884df	236c0fa0edeb
9774b9cbc2	89be7356d4e7
11b82b0644	c3ed44cf9574
48fd5cf4e0	96d458ed529d
6508142b92	7c3a112993ed
674c6ed875	b5e3dbf79c91
70dfa96848	ee73a0991816
65f09b2ebf	99023bbf83a3
cc5f2fef96	e4c58bfcda2c
ff3863ae9a	5fe6ed6ab634
a4e55ed440	4db30ddd42da
bd3a1b3c84	ee4ca4e78ad6
dc2dfdab62	d8048e52b15a
97bdb4edf8	a1619f2b784e
21b32e0209	06421b1ab7da
59810e53ea	dee832b48356
4bb14cb5fe	ce30b7222ede
43a5805ba2	3877719ffbc4
65a3c911e3	32a6f7e5cff3
5a2ef65f44	1273a28c9cb4
a28f76531c	dd28267f18b4
0ae06d3903	04678ecc1ec0
3661b237c5	59b327fea698
696838f100	1ace517d47e7
93b3715caf	911e5ae454ab
9990ab6169	8a64e041c0da
ab8e7af1e4	4f7383db7cea
c2dac943a8	ae5f078a2942
8728892b8f	032e27bbd93f
69fb7a3aa5	2a9c9ad88085
9d69bfe0fe	77835c795214
2bc2c2b4b3	b9d25921e0f8
c98a866495	3196db1e9def
fc7df5babb	404ce0f9d3c3
ad55326779	c564c9c56fb5
09585a1d84	001e648b8c6e
10b859c58b	cdefc4a6f1fe
f9267bff97	5f1a49881f6f
528ab5ff42	337209e47f2f
a654527e38	a01e7e0710e8
6f2d12a432	42a97a7035e4
824f52c3be	c778904686f3
9ed62d04a2	a5ac40fee093
ee6fbd7dcb	072d32d4bdf1
81172d9a05	276d5773d853
22b131b7e5	daffe741b57f
1b5895b559	2b3b04f6a42e
af04eba057	56135463f867
c7ebe063cb	87ede455be20
0ff9dc2cd1	8afa83f4940a
5c11e04e63	85399fcc030c
c81b7da14f	bcefffef2ed4
09ba1d6f8c	9e4350a9aba7
e6abdcc2c9	ea9f6beb76be
bde08b4ffc	258bdedd6b9c
e2686cffe9	3ba72e35e83c
510f03b3e0	f8214e47ce7d
7618507edb	5cb1d9d86efd
e04709d4a2	878755df7f64
6da3fc2948	d8a08cda35ad
fadb91ddf3	230c62079054
00696c1933	33df92f80a00
dac8b8b779	34afc939a2e7
7beced81e0	91ba2675f5b3
53a45320a8	789c58a64812
40e4ff89a3	521f52d93818
fa160142d1	00105de02b8f
e16fd6e50a	fbbc44beceaf
77f6e57d36	0b66f39cbf8b
e7680f70cc	7789a21d75d9
b91c673a1e	8d6e61c563e4
dbacc5b52e	8a5de306ba63
af1280e750	8211d9d59ce6
cbceb57aa2	2adc809255bc
fc64a19ffb	88b9cba406cb
6f3822eb8d	5b615f1a20bd
e821e10930	6233cfc4f809
5b3a42bebe	0357aeadd4c8
d4af6e4bbb	1e03e14bca63
924cde57ca	75a6e1e4089a
3e65884e13	233b5b2c771a
a278e75094	d25eba67fc92
d64fe9f44f	b00d966659fb
a041dd15d3	8c1d4cc1346f
acac2ba1ae	b0831604fef9
1921157c30	4e18830e69f4
7c45d02371	dde80427a07d
b41a7e747d	4abc9ae2a3fd
6021ab5c68	9926a022c3cb
fb826c038f	88ea28e4dd81
8e51faefa0	7e1c61abe592
7d3622fb73	1061ca8f0599
c5e4bd70c3	fd1d7e4cb3d0
01136b30eb	9ba49dfa29ad
d52e71e8d1	2a09bb6bedb2
052d3d2171	bdc6591927ff
9d8c57889d	22a5258b2dfd
aeefc92be1	103a80845e7e
0e3d2a07d5	3a211ea77bf1
d51a809409	aadec98799ff
33a9593040	b1bc32a2a977
622b166df7	c83b5eb1ad87
d1aae19c43	6b9d6fc9f4da
c4ca67b700	30943d47a33b
afdbcc4eac	3eb46c1aeb8e
99736b886a	5214a3b9edea
657928779e	2b903530ed7a
79de39be93	74532c180b27
95247bbc67	3eb58179d345
cb0fa7d321	87f5405c397e
ea44985177	e621e6a2b149
72792e9627	acc720e299a7
269774f68a	11e6590dfa9e
317bd7f76c	5010d0da16a4
93cd590f5b	84bc3b8a87ae
b62ea8ac3a	447e1bccfeca
e8171d3f65	9da5e9bde1fc
c0db64a84e	6d5a96e24f93
3d142c271f	5996686d6489
76224de51c	e6b6ab602004
ac186b6aab	87fe942a0fa4
ed7f187eec	efe6f5821fba
07231c9178	45ace94ab05c
be158b5513	3dca820cf777
0e821a323d	163111168129
0c06defce3	748e812d80e5
daf7620f07	0042b3853b7c
11332b6ccd	005a08dbba98
c8c53217f8	da8605e3c78d
9d176e6444	6ce6f3b8a882
be670943b1	36a7d94ac8ac
c1538a1232	ecfa9a8ce7c9
c291d72dcb	fb4bc2585187
237a1e3b9b	f49c53861d72
a737be43a3	1335b6774451
375735eea0	7361ba25bc84
1703538074	c769f4501198
381f30b636	c780f7a63db5
3f148dfd35	8f99fd526a0b
547f50b39d	bf00c9d33c33
eab593f253	af5c55cdbea8
4e3f1b10db	8ccec4ab070b
09c56cfd63	10d8fc7c59d5
83c8c0b3d4	16cdc4343c58
d8b8a22ddc	318c59c098b0
4b33ad18b8	14d755d00d78
ec0fcb75a1	d7fb0b206584
e38c5d8c64	80026e69911d
e5f05ff2fd	d883f02cc838
f9975b31fb	9c83d16833b7
7f060bda95	84dd9d25579c
2da0cc8179	9cb48ca6a17e
637675f750	54d7a0bb59f9
8dcb2d3a34	ec451d99a0bc
b8aff36942	d9bda53bd655
cfb5c9520e	1ec52a655d10
35f6cf088d	a83605397582
5785c1ef53	429134644440
701be9650a	b55629676256
4e0f71e274	c5266838ffae
d5abdd5284	a98880a18fed
433a54bf8e	050375c937a5
bce122e04b	83c18dd2c217
70efac50df	0191b31c7ce6
b73a1a1339	ee9800e97711
0f6ea7ec7b	001aedbf7b68
f9d42312b2	2a83cb281af9
513d789cf4	25c7fe3cf330
77348ed4dc	c284b3b090dc
81ff6d50a5	fe11082dbb5b
7183546d3f	38a599d4b8c9
c0c707347e	2ffba3583a3a
9b7caeb659	f4f53984f4aa
0626e60fcb	4e7f98ecea49
e8d0848cd2	2df741089e2f
fe26aa2059	49e183df3164
0dc8f5b909	74298784819a
3a48b88d3d	47ce06d7b648
8a62adc6c0	5eb643fb5865
10a7848e14	a966915c1ba1
1128434b80	8cc078131bdf
aa7b6ae176	c3f5edad9b05
756b122334	6c0cfc691221
3858c2b9bb	f98025a8fdd7
646310dec9	0a259d217881
ef3a2b48ea	536ad5f62b14
aa9ccdbf72	1142eb5ced16
7322d3cbc6	1f3c1c87d3ee
fdefb63f97	28c6f47cda2e
682ef50d0d	85f61bd06ca3
292c9eed92	fec8307de157
837382cf99	9c4407049688
77162d3e17	bc13ddde9c48
c8cb4a77c2	d900b5f569f5
95261c1ed6	5cfd83b2bdbd
e6ffa3c50b	b724ce1aef55
ef7b04948f	4c292d43dec7
565bf4986f	30a1b096adc5
2dd9274f35	95badffd8a91
cdcd04c8aa	7e7af67a6efa
0a49dff378	18df49370efb
404e0d58c5	e74392012b9b
dc9215d70c	a7f0324114ef
de9bbc6bdf	c345647829c4
583ddcf872	b9f8b63c2fe9
2362ab9f2e	677fcd7d5ea1
b77e9dbfa4	a48f6dfa0f34
dcc8dedc18	2aa67dd5edca
d68c9525eb	2dcf05ba9e99
80aed5129a	190243eb02d5
767c0bed64	f02a81b043a4
cfba579e02	61ddb865f8a0
3a4f22115d	1091a09dbbab
86124f1668	ce6b542e6953
031a13e85d	25aa4714ad83
87b1369149	43c611c09be0
5079a28132	f830eb113edd
4d05dad4ae	a77c3eb9374e
e9acdf4db8	33ce38d903c9
2f4679789b	68e458f11ee9
1dd3b60118	a3272b7419bb
66795b0592	1ab6c325e67a
cb02c9fd29	3828f295a3f7
bf17338445	28529797b27b
426b46a4d2	a377df6812f2
c499fdfc65	4b75bda0f4b3
6bd964613e	9d73fe6fee8a
c2907d3d53	6aa7f01b9350
f9434fbc4b	c9a236b86f18
e315e5e749	576d213e6e81
a258ada08c	c820ca1bbb23
74a0aed162	9aec26e7ee0b
cfccaeed1c	052e269e259c
20e8238c5e	7b489883754e
af60ad4cc7	34209ead8adc
3d2e787062	ea120a071ef8
bba98b3399	3df36f602b75
8336af1d61	4aac1b23ad5b
720007e368	74f49e31adfa
4d34585879	b673d9176a19
fcb5c6fb63	bd584b5c573f
576b76f888	48c5a0289d56
a7d56fd8d4	22d783df3f17
2e220ac9cf	a012d6c8c371
38e9965961	de84bcda6486
2145f1ee67	896948fd23f4
87796fb40f	008c8aa15324
8311e6f9b1	9cf9056df974
eda1d5eaa3	c4e5a3a6f2f9
ac6cc0ed2e	fac474fb45e1
aca52bb748	67f2357d9172
746921ac09	ab6ff21f79f4
cf52111a33	bcaf2cdf0a58
87cc0f7974	d05f1d77f239
01839d49cd	badf5adde007
206eaac72c	cb5c224ddf13
e6cbff92e1	467b301f086a
c79efdb2eb	e019ce3f633b
2dd99687c1	85cab46d0b99
3cf5940c11	2062bc4bcbcd
bdd9a976a1	7f7383755092
dff353052a	b8d3e78687f8
ebcaa8157c	149849de8eb5
6f252861a4	00a414a01568
8a4152a873	9fdba6cdbb1d
1070f51b09	95c666ed380d
a7563b1710	12457c1d0f5b
e87d02b235	6ab249f8126a
0b26e8b708	e3cf079b3e23
b1a388110a	ce826b7fdc37
3d77fae3c3	2d30cca6fda3
09182db41e	4423a947dc7f
75e8c81fe6	7a295134b037
cc78b82a98	137795b9afc8
9e74245fa5	15148f6c3c20
2ffd7c426f	7f9347146b45
bf5be8dddb	3649c4b897ed
261c901d66	e5f3f0d1bf12
c8cb3b817c	0022ae3b40be
0ce41bf245	69b1f0cafdd1
efb8583eb6	58f9f050e95a
a2fb52675b	ac8ea21c4d52
d08c0079ab	fa9b9f65f9d1
74bb13105b	8f1ac5e79b9e
6ed35d1c81	c30385d18701
4d12832ea8	0ebacd5ec1fe
c834e87fec	8234b9c2abb2
e71b361d0d	b95818a97fc9
c71e177bd7	fee53cd3e606
0ff4461c42	114111469e21
68097c1ba6	310f7ad4eb3b
cdd17643f8	51ad6f355e21
bd78a8b0ed	5679dfee674b
feadc08b05	a14920c4709a
0e3c6e6c73	b0b21920662d
c8e7c2f8aa	70420b5b1369
b74963a623	d5b10b1d71c5
d2193baf4f	74a0aefe83c4
0210b3a2c3	e118aedfb86e
0fcc6f6810	dcf0592ff469
62ee0607bf	1cdb42551ad8
b8c992d8f4	f6ef0effd89a
d9cb1c869d	3b18a929381f
d3e1f812be	ac49696acc00
5b5e1b040e	5a41b3718f17
ac88e1efc9	b41e71f952ce
3869e17a90	e35536c45f0e
ae3994e95f	62c05532344a
734e0c0daf	049fcb949a7f
ca435331c6	fe7f7d42c537
ab10b8da79	060c0c2a5a35
35b5e4455c	7802a2a9ff86
dcceee6005	15861ff226aa
b3d8a0a3c5	c4547c8fc4cf
2a6e59d223	23095da67155
9b42fdbfa5	6df4c2a930f0
4fbf952dfe	12eec964a803
fe9b2f4cd8	0c7f74daae35
0eeb00fffc	39b1c65d7b4a
e9888bf4d5	4b8bdd7ac907
fc76c01ea4	67d1e06af187
fa8a2e099a	f6b11806ba21
ab1dd56689	6b596ebb231e
108a20f890	fc7ca77dbf0e
bc5ab70c46	6ffcae882422
2d9e77eec1	be2c071f7e60
8990814d17	3ccc84f53a93
8cbdafee87	d82faf087489
698e831f5b	30dc0817f012
0e7282345a	afc6dc6d961a
5df6911d95	cda771e77105
5583fea05e	895a603c14ad
30e8bf60a0	6032a09c3afb
dd7952d9f8	ef611c018dfc
8ff8011cad	90d3f638e31c
7a7356015d	fa2295d90edb
e477b4b592	1ea44c51b577
8b43d9275a	69634f3c5640
a00edd002e	8025d9d20784
c5219c893f	ef9f26d20c21
6b66ca2b50	9730f9dc56f0
74959b6916	bdf577b2c019
b5ac9ad124	b3dd03a6ff8b
3de45608c9	f2e8fa6983b9
efb2b9df5c	1f66bac897ab
ae9f5f6d6e	b847bbf7097c
9e233d5cf3	be93f651241f
94701c8371	ccda5221962b
52fc491752	c7ff60128399
3fa504eba1	f83c68ccd21f
ed910bd443	5b42cc245cd6
52149232c9	4269452287ee
43557f02e9	74f4b194e4af
ef3cdbca83	4e79af2409b1
8d6ac3f220	ef870525bc51
977943707e	fd78d6d8b898
03ee5ff5fb	603833fc7524
54e0203aca	59b2dbff1023
a4c24b4fe7	17d62828c1a6
c25bfa3ec8	6ff942b6c50d
edeb340ee2	499868dc0caa
6a308ed591	bafd94885a9e
4fe55f2d14	c3914cc28711
dfaad8d035	83e332d3e820
c686f951d0	dc6c22d34d47
94f8c7eb24	2ae13aefe26a
3a274ed320	d0030b601bec
e7c15eebad	a434bd073821
35d2c9fe62	573731502db6
040b425490	65252ff56486
7ea532e78b	b2bedbacafc0
bc8e27f25f	b173e8c5af57
5b328828d7	e876c5dedbe6
2c3876aef7	5ad55140a3b1
04c8c3c768	5abceaf24360
e72c775de5	5c6abed8128c
cd21c09896	ab731f830a82
0f0cafa07f	de0f7ac5e95f
71300e631f	40a342c60462
aad8400e84	65023a7e017e
52250949f5	6524426530b1
aa22fa3a53	f2299ad5739f
db414c9eb1	eef10e4d262b
7409d1e301	ed843da5b3a7
4c6f23669c	bcc275ddfe9d
b93fa77a1e	bde4c7232daa
e962522e7d	8a179905b7d0
ffd2e55816	2455fce865c1
337662a974	d81b9e713ae4
c90900d56c	2ce06581761b
e556d2a6d1	4ba5f195607a
9b530154ca	21b0ac24064b
7835a0729c	02d6cbf1f0c1
08abd0e768	95b6b64283d9
235baa030e	30fcf324930a
1077260f99	6d5300e701b8
7a89a37228	4549b9119553
05cb2a19bc	8123a24dcdc8
4f9fe10bf6	baaa88173679
39559e1455	8310dedbf292
446ed4dae8	ff805ffae528
2fa2e16734	e15d298be8d2
09de6ea1c8	e1aa6ab6a375
c21ea00a6f	b04a07842899
c301db8aab	b6df20925dda
6a6fe140bd	7ca1d52fe6f5
862f3705e6	0cc209508568
e471039266	3dc3d1760a2c
e7ea4d0a33	175f893d5d60
042185d1fc	5d6788367cef
5e1c2cf5b2	ee13daa222fc
197bb7970d	463c0fadcd48
a130369deb	fec85f172a7f
8f53e9167c	5d66a602c949
356aac4653	c001effb06fa
4f06bbe6d1	0a5f9102b677
98d60fae61	73a10e48b3ee
6e7d4f123d	36c379959e6a
a7ee912955	9b6792f93fd1
ef15b9d3f4	8aaa655883b5
e25eec83fe	9978ba7103f8
721965db34	2cf95908d44d
69111bee9e	1a7f7e540f19
0180a64e8f	462d37fccab7
d00821f829	3e18b5256b5d
617ace2b4d	c32899e8bde1
0c54309516	aec626315405
df71458c0d	61963af34db0
7f95af50d1	b6ed6bc80cbd
19eebe918d	a599aba76a24
5944bbee66	7d09c5b405d6
fb0a4fba73	69e517b4ce4d
30933a2c3c	4965e0eb07e9
af34c96679	119ca7494b3c
37e4b8fa5d	41987b951515
f2ad0fdb2b	44066a980d33
fb57bf7093	4ae3cbe7a390
5443c81b47	58d0211f825f
a59b900f73	5fe08ac335c9
46cbcab33f	359671d56bd8
08f07da896	3f2c468afeee
9132c03dfb	0baa86f3188f
a0351e35a2	3768b042a380
07e1cb6c01	514316726947
2b486657b8	05068934cf8c
4be5fe28f7	b27225923ee3
ca073ed751	7a6ab8b1d8bc
e1b9eafae7	1244b9b24b66
b6661e0159	2e769672133d
63ffc8532c	aeac1f12bfb0
d8bfa4cc3b	0b9686c6d87a
789a31ae82	2f9b98f1ddbb
9497de6218	321068fda24d
ae250defb8	a194b15e72e8
3a3a737fb4	2dc7142a8b1a
c2d5b57bf6	1b50d0e03738
8a1c8ce708	26182b5a9557
d5d8133663	4bc6e4c4d7b2
b12482caf0	0b131077023e
54078dfd1d	91ec4064e439
20bb7be86b	679cb0454894
894062d824	38a8b075e46b
4e3028e632	46eac030f757
b5b2707ed1	c5bd0bb36cc6
b45f66c3c4	6f684e6fe6fa
8512cccd79	7d1f95ad72eb
ac7c8238d5	ee092b39c48d
2d11c01a0b	20698b6d5216
5397ad6874	18e8114e2221
383642b5e6	d4c2244ae4da
be4766bb96	fdf0a272813d
31e75226a3	e984f7159447
c157eae9e4	90606bfd7552
912810bae8	8e24edf416e5
e61e744309	483b149d6c4b
92063fb6b6	1dc64a37b5f4
9e781a8de7	3741d1c84410
ec7ab16da6	02b095e72260
c9d640ea72	3824ffc06b15
692b37304c	ea8183c45dd2
d7fb747a49	79e93a6d5eb7
98edd5e5eb	c0404eeb8a36
46e3a20113	36c64106222f
41c25f19d6	73e6ce65a3a9
6748422f21	2f3a193de25e
24d6b2f8de	f547d617bfe8
3e7c1ef32b	73f705b21e50
73a16367e0	087bd50b0229
bf06b86962	7a609f698a76
1540b64a46	c82ecb40b200
f458d96d83	685f8ddd1a43
77625e5637	f15d3e2a3930
add252dc14	92eee4e57a63
0911c6689b	535c62daba1e
97e8f40e23	6fe6ddbe7a98
fae1ccceff	d74bb3397d27
dab82153bc	18b1d618dceb
66a3cbc660	dd2dcd6fafb4
6e29e58c6f	d04930dd30af
fcdbe12b1b	93e4bd6f8b1f
399c22c91b	cca9078f597a
5d39e92b27	ea09b249f728
3d28a0956b	5fd306a006ae
c3c97fab67	3b2843da9a8f
216fc00073	70804ac6228e
6a5c4597f9	5e4faba2d260
9d2940cf3d	6656aab23e44
6768eb58a5	4b39dda5a40d
eda508de42	f4c07d0d301c
f956a8a5e5	dcb5f69af80e
232776f9e1	cf681eb9c8e8
e657465cbb	9a4ff8767b70
3905ceb154	9389e6e5c7dc
8626b4244b	d29849af0ccb
92e2d67193	1de5d0042087
f9b5519455	88d99eabc727
1605eff485	ab8832c523af
ddb9894431	f698302063ae
4717497ffe	ff849ff6f078
adbde1d3ad	c6d9eabbced2
3895f924ce	c06702d1502e
79ce5129a1	2db14966109f
0cae93ce5d	7b8765f91f5b
2909f90000	a907d7727561
37c4406946	996d1d2b9d83
805d12843d	c4098e04bc39
b308c67113	ef0af87c5d8d
a0a52389a8	d4b4a1d9edb3
ad27544de2	6c28717e04a9
577beea7e6	0d7769bb6cf0
204c3f5611	05d83649b2f1
d73d80f9e3	9f0f4228deb5
8139b17a1b	5b28da5a67ad
2245efd13e	6b65d85ef5cb
f7b5f2961e	9ba6bac0e9ee
616e309574	ca4f9e3a56ac
1acab5699d	c304952b864d
4b1ba01573	37ca4ba64a07
bc15d6db59	b07b50b461bf
230c783891	a2549eb43ed7
38c9447db0	0463a503da10
7bdef47896	507a81315642
36a1ee86fa	97acd9c5d014
34e874d278	70cdd936fab4
cb5408f961	c15a3f6cfa31
a52c1e0154	bf462968ece3
dbadb9aac1	c49caf29eab9
4302bca3b7	653474d19a7d
6f7b2e4d7a	219e8cbfef93
bce5790955	d6c808090d70
c35efaf103	40cb4b231fd1
b4bb5a3840	168f32a37636
2ac726cad6	ed0810925ff5
547451af3a	6ebc09509d1d
bafcc4265d	b6f2d05492ce
b74499e7fe	52cc37401a9d
b814117f95	e8b29c3f24a3
2b0b57d6fa	8657a8024d83
5fa92e9724	588509034335
88c0ed3356	980834115e3a
e2d0e9359a	2f44431b6100
a4454e440a	b9d180679937
19518a62ee	0c121f576ad9
34194a620b	a02b7b0f59ac
05dab106b5	a360a377af5d
3b4154696a	906ac5974b33
1d8068a636	f630f1cfbaa0
8029f31d83	2730afa11889
ad7cd71580	63ca4f611fcc
4c28a6c72a	d6eea54c5518
aefcb99395	4d4fa0399b0f
e39408ad95	a191c1a65eb4
91ce50da51	9b2ccd058fac
ddadcde60c	c7a2f33cb75e
67fd85ed12	446da303c1dc
7fadb6d067	1c41377270b7
73301985d3	56df6159b755
b2a222cedb	4204e12c090d
c8310ad5eb	0631769397b2
9227b1c3bd	b6a28d00da5e
dd7c4ab6ab	4a71250db92c
7b897034a3	d7e582b3d87f
cbde3da73e	81d31587ad5b
8d82c54d01	4ebd66fef275
84c0dda4c8	8e6ec3ac9083
a8ce62358c	7a9604902544
9aaa568060	8c6c4d769871
f199699e57	d79808fbaf08
9d30f808a8	733005f4dd64
32c901cefb	5c6307bfec6e
398ee635e7	cdfb4fd7782f
119bf0279a	3e514d4c10ce
5c3b538914	86184712ac1a
d672aac4b2	8132a2e38c88
5d8f6cbddd	7766fc49cc7e
fb81808e57	9b38d9789321
4e2f6b9b5a	07dd5bb1810b
3726b2f9b6	3aa1c423971a
18491ff859	7c0a8dde0531
f425320a54	1b8ad97eed30
cd232c499a	f2136ee5bf0f
7fb73df643	bff1afc8b891
a7d3c50f83	959515262d9b
c173c9c812	b57ddb331a44
cbba7a9db9	cad6f3f18dfc
66d9ed26d9	48ff09e6828b
f9219cd5a3	c3251468e08d
062d0f5619	26a522c2d7a3
4c45259fb9	554f0be4ff00
91dd01fd48	63324436a648
d3e248d6fb	70a78afd6240
0a9c5df784	22f3f512dd23
994cdbf7d6	ee4f440a0c2c
acbeee11dc	fd50bcbcb46b
0c4bb0940d	cd13f1503ae2
6eded3679c	5481ed7feb9a
6a0db31cfa	581dc6c4601c
50d1501cb8	55b521f31414
ad91afc682	45500fc3963f
c6cd68e954	9530e968f776
36d236837a	5a16157d3293
2bab09198a	4b3510df6eea
dd46f18dff	fc4280247f8d
0f2ceb6d38	b5440905961b
6a2aca8691	c448da3569fe
b38dcc69b5	2fd764a265c4
462a46414a	ea991d4727e6
e2df8c5fa4	6ab7bc547ba7
32905db83b	d84a1d96ecb3
05e80b12a1	93ec361d111c
71d84e1045	518aa7b519ac
51d9eeacbd	b6d69f3891d2
e6be6f2dfb	a1bbcb41c342
fc9aa7164a	c301eefd3edd
d87ee89d53	76e36d5ba888
598643a118	68d783bbd163
85d24eb0da	a7eac1add506
e3c911329d	d78df406e099
355981d371	fa64e34b0b93
5e0bdec765	6fdec9c8cbb4
6616db5647	c2c1ff95cdcf
23b2fd35a2	806127b229c5
14e27c6279	8d833f08d4ef
c23550a82a	634427be69cd
8c67078d3c	f0624093a1f3
28347054c0	8cd116745efc
95b22ea059	d99d07c3ac5a
6ac7522ac1	9f52ee329367
72f0d2b429	ff5cc5c4aec3
a03a15d48b	6f8700191757
10feb5091d	e1342f197d1a
a0d3ad3d28	2d8b93de7427
67138c2e9b	dacc30328bd4
7544d0946e	8ee0cf2963a5
61804aafa6	3c484dd0e528
0ad04c011e	118e21082996
5dc373d076	4d2d34e70364
10a8646ff7	99645e78a253
631a353af6	257c0a7b3bae
3733ae55a2	c9bf186a93e5
edcc2478e3	0e6d395119b3
2ace6b3809	3e9993605122
4d74bcc07c	3aa0e5216241
ddce20d80f	ae7b5abd3c8e
50cf5662bb	7e8e5a7099ad
4fa61d56ae	1618b0c3c306
a18babcb15	adada5735656
cd59fdc794	564d8115e249
a7575eec37	20d20ae87c79
3d75dc5d93	6bfd09200f8f
9566e97acf	6c1a9074dfab
621d2e0239	1eb7f3d47d4c
853644fd90	698a4be48460
2a3b641101	8e2a5ed88c51
3210f333e0	edff527abd8e
5400932003	4eeebcca4c95
fa87607e2b	299a97ad17a9
c2233b6b75	ac34b79a0da4
918004c4d2	16703e9c5d30
121716c7c8	c8efff623545
4ec85a794a	71d83285e79b
c79a53e252	98ef6839d54f
a70c582a18	7be5f675ef79
6e53ac291a	796df9149b5e
c07d7f54ea	06a33eb414f1
49f9f3f167	8e716cc34b4b
dd1ea01bf0	46d968dffca1
203219792d	1ebccbb09acc
c3c8ec80be	2b083bda4696
f217629903	fe398091c106
c13e1172c3	5eb64e42e08a
ba6cca365b	e116ee10cc1e
8a7b00a1d0	a2bac22e9b7e
8799d56c5f	cc779ad20d69
1b8bd1044a	6194f640f1be
1ffe5e7ee6	7c9f291f5082
11ae3fdea7	5663410840a4
512622e59e	37ac9632dc2c
a888668f92	86e271f411f6
ba982be49b	9224d434fc51
683ab9e096	df5d64897a9a
c7ba495d42	242d206a1796
2dcf2a1471	7c4dfc3cd435
11ead1c38c	3b6f485fff03
fff4af6de1	5b311df6b0ee
c9cee03a16	6c0228aaa7d9
97cf5d7320	6ebde9aae457
053796accd	12295d5f8af4
71c7de7653	8c6bdaa3d72f
cb73b668d8	9113896b2236
f236e7a681	4728ffe71f73
2b07c1bd06	a743346f3dd4
97b3c3ecca	b90f0697e172
783411c4be	510c3f2daee4
1d9e15a8aa	abf358d26864
e8fb214cda	b2d5e6634330
55ce391b04	3879cac98108
d52ed081cf	6d727bc39699
60ff9d9ae7	e9b7241675c1
7422ef155b	2d67444c3316
ef35a17c76	9a5443296d21
19e60eb1c5	8ded326a2505
18d1a52832	f85fe00b16a3
43901d7dfa	0933771938e3
85fb6a6883	26360af437d1
86ab507164	f1e5cc29ae3e
82d8611899	c14331035c9a
d1f53bfb61	1d1a7ef9c11d
d034db21d0	99bb17866dec
b12a177a4d	bf314e5dd936
d37162873f	1c29c1d5d1a0
be4ece4c4a	f8bf99a76e07
03b22663a7	35c9797d66d2
0793342171	5e3b53671369
fa7c8d2b98	a9386407ff2d
39ac1a877a	38146cfdd0bb
f7a50cd11c	f2861c2b88c3
50bdbe31c2	24d37f951442
82dc52e862	24bd454960ff
3d8a391cf5	81005c8cfbb0
77b0e0d7b6	2112b1637c73
ac9dd83617	5583175f09f9
87b1602cc8	e202c1b8bb1f
db9e588b9d	5fce7ff59862
61710159e5	cf23725e7522
2baf9dfd5b	96c123dcde67
557a2c7177	84d36f1e71c4
987a08911d	ae19c8aa8ee3
2c666b87eb	03e1e1106e43
1c5c5f217f	fa10cdc1367c
54d854214a	08391649eed9
dc5e483100	f089020187ca
9effe909b2	368b6eaa0cd3
ff3d20c442	d3ad32121844
cc909494f8	752d04d0ffda
81932664e7	e5d574e9d4b6
ff2a6ae1e4	af95182ea086
aed83479d4	d6773ec9c64b
55466bd466	96d000565376
4560129b15	d5785354caba
bef2b1c36a	0647beb83120
26401b287f	8cf5f04d2cf3
fc9c9e80b2	4c507115c792
4f5fee1119	c056e9b2435c
c1f9af3ced	a6346ab54f55
3153b674b9	a7104d510fb7
fd21a933f7	e4994cf5c89a
376d326e5c	4af1be72a494
f57d1f10de	7bea764c97bf
47608eca9e	0e9356c69158
78bfb89781	056d210aa85d
5bf92764d4	699537fb8698
9f89d890ba	ca097f280af7
91c78f6f3d	13f1d01de1a0
c1367b4940	51172c9ae68d
5cba88e97f	f50602fec8c3
8cf64a6b22	d6e115fa91f5
ed2828a657	21f180c76dff
3ce479b7eb	6ef6e4949008
ab833bce93	cd03fc0dffaa
91861b0c33	614fda9cf87f
83d58aa3bb	975994fd2aa3
43c108537d	7a8b33adc43e
d1a696abff	8c03cf4a524a
d08e28619b	df8555c6bfb1
27c101ec9f	3c429faa2a93
76fb882653	b92f351eefd0
5a199be3ba	092f0dad4d39
c921bec20d	8f0193893305
1974b3eb92	44616ad61686
a22680320d	7fd5fecdb86b
2eb5dda2cf	4e707d87d0d8
0d42a1f526	72112185f4af
b6bc3e6431	8a31be8252e1
187326e343	19b21b8aea5a
f45fde20a3	b30d744e5548
a13e381fbd	7374c158f33c
9dc6fa055d	38b9c9663cf1
b90bd8cfc0	7f04b0e9dc78
b447809a7b	879da37a0f4b
ee77e80bd9	17f72023710b
ff03b3de6b	6fb9a9bfb7a6
882e9d60dc	641cf007607d
ad92e9a81e	15b185c051c7
b969b471b8	56769f28c0db
a7d33dc7be	6f8960db439b
500e6225d2	11473fea3a7f
33b42a889c	4d72a17136f0
3dfc44aa43	43cbbae19e97
c560f632bd	a1de36456a9a
9df32a4cf5	ffe6f2420634
e4db3beee6	96059a2d13a0
3480d8244d	aaaffaa26c60
466e02f49d	4ef62e177e12
c9667cffbb	cfc312b74dc7
89485e943d	0b8cbbef0e21
fb5feaaf9d	3b095cbd2bea
ff26df33ff	adfdb0bcf116
646b8e3555	63547ac70622
c1d96b658a	9d7b54c8b3f9
e8e5ee1e94	cf00cd7e6dae
5327e075a1	fe64c1f478b9
958ef572a1	af55cda56f43
78729c3aac	ca21c88c8d6b
8207cfdddf	77bc7fd00df5
9fb1d1136e	896d3354ef03
2c31a48b12	d384f65f4740
db59ee4608	5a26134b29d9
b6baa24fb8	35e329b78f84
111f45c3c2	60dcacaaafa9
bcb0665af0	e9a2187e4746
624e60c93f	cb6912f3976e
154d2c226f	bbaac79bab75
0722c2ab3a	2ec6d80efae8
777fec9b66	600d68826547
bf5ae417f0	6cae94b13738
91e55ac39d	3deeeec5d86f
08db33cd55	e28d457c9feb
4ae317f228	f3da2aceda33
8a2f130965	c9eb2aa3ccbc
f27fdc9801	e79c9e0b7ac6
1df39a9f40	1cf8a277c4af
b700533c65	fd478fb20051
18b4dadda9	f99109e163a7
d328f93b03	d4017f116ea5
d2bb110d70	a35ee7343ae7
a686b84cf7	0aed44c2bd88
de4d9d1453	da5e666e0bb6
652c05a40f	f2521f7967c5
aba65d1c85	863605912b28
e812142112	5add3b01ebfa
61af42e873	afa531a6f945
43831ae0b1	b90a474c8500
7bc1555611	cd6de1403858
d7b386f44f	7e1eb36bed85
3442587f2e	2bf6b969c74f
3fe990c244	32d77ebd2be7
8bc0f78166	8744d79e0e3b
10da47c96a	30d32be0b26b
b58100ab1e	fcb291957eb6
d7492d18e0	64f31bc91c95
5d1654033f	fa68d2f3c68c
05c88fc76f	e41e00af58d8
26a189c816	7bcd5a4005bc
b71257a259	0d5bd6367bb5
dab3d5c557	9743959a323e
6301ed621d	9f36b524e7db
a247ccb558	612798a1582d
88f47042bd	b9fd6276a17f
419de594e2	176d44954f90
b46677845a	ca56cb6c7d39
5f79ebe9b6	f811aed423a6
378884765a	e7aacb1f6ede
f0f2c4f94f	eefc06295f40
0961b22e9e	61e662c8177b
5c3b4af06f	1641204bd11f
5140670dce	3b0bfe1d3a10
dc586eb556	8572e6f697c9
75778e3fdb	6204ad9eb6c7
ab02764dfc	c1841905bb5a
0d0bcdd590	6a1b9c4a115b
9651b3e26a	43784f2596e8
f6f50d5269	bf037396cb80
8c8d34f443	a2b7f5cf7cb5
5cbb3aaf43	d374b2d84da4
3a8f3c02a8	8cd30f6e108c
66c3adda0f	e7cfccec496c
deebee9945	f7ad24d1fd2d
646a813fa4	cb3b142d786d
06fd1a73d0	7ef574b47949
9c3a3c00e7	0a39c1176393
49f616ee9c	f9315f9e3150
26ef32e33e	a570bdfdbe5f
27bdc6e1dc	532cef598bd1
9e981742dd	91d860622066
d61245d33e	b4e3dc583c09
db4f3991ee	ff620ef95cef
ae4ce63143	0caead9046f7
a831e96372	62d19c22cebd
bcacd11ad6	18ba8bf25e7d
03723cafa7	8c6bbaeadfce
9941c12f52	c06488d54f68
1427f3c365	dfbf0bbc502b
2fbf482670	d7cec1d4ac94
4c3e481e05	1036c39cb9a6
c7363a3127	dc625b472f3a
4670033bb6	722253f14f90
be4c3f03bc	90082aafcc57
d6fcfea5a0	f97c07439926
d9e671dff5	876004dd6d54
f98e63d7ff	7fec9d2f31c8
649d6fc8ea	ed7bd3980de1
311ae1b0e8	752f71e3e01e
180968f46b	10659c63b164
1af33d5b86	c9abb61d093f
84d97fbb67	5783c9a73e1a
88c27d2030	f12c19764f13
f0e3c0abb0	0b04dcf76ed7
a86a4d1471	a8c3c18bff22
641680c9d7	25d25449216f
c8a2bc4957	6b7d10411936
de455085e9	c007e8869fb3
53eb0c6a95	e570e13b4773
487c67ad23	f4fa17c7d50c
60aa5acfa9	20737c995c56
fa9be349da	4f863ade6ae2
31600ea609	4204dc281e9b
09f3a3f8dc	539894ae06ad
84785dea28	3691ab5e1f1f
8a1b5fdb3b	d115c2673ed9
3a118362da	dc9c737371ed
5ea86953cf	7262153afcb7
fae2c10cee	78a0b39f43c0
3706c430eb	f99d4689ff41
1f5753c6e3	5a4eece1a0d5
51a3c9046b	9280160230a6
979319fd25	630513d26dfe
7d984941c8	bea8557147d5
d25c0e6e15	658b435a4834
7ea2cfebf3	be0203c43a62
85e59ff73e	e6f5a9c76113
01de8778dd	1447327ad638
d04b482b26	ec26b20d2d51
4971eb62a1	38436654e719
4d5d04b5e8	8f1ed81e5c22
9f35dc6e1e	f05d8aab5999
a3a7044560	859559574032
f628ca990b	509b81991f34
6786797d1d	55c076abe952
efdd18c311	3b7a4a60b6c2
faa59173ef	fb4605f41d0e
13038c9cbf	1efb2b1666e2
4d549c240b	9c042e9490d1
54f11603bc	09632c7852ed
4d837c3aa8	8ecca69c7c69
2823d12e64	4d9676e840da
67fce46b73	426ccd0ef6d7
9a05f6abf8	6939ba225cd1
89b2e59f88	b00ea3759440
f63e8da81c	a92112bf2be0
086b6d6751	26efdfbf0cf9
ca63fa1342	40427ae6a6e5
44e7c3539f	9c89420a22f1
932f033be5	21bc1cba6174
a2aa340710	327be94decdf
0bcc94aa4b	0074a0f0c498
0b453ebd22	3789da932494
e4d5d5f612	de0eb8eff01c
6733dbb4e0	b2a480b05f0f
83eac57cf4	3b17e462e1dc
3537645ae2	ae8d829425e4
68c12067d0	ffba1838c231
fd6c09dd09	d36cebc20459
4e11be5612	64ae6d3ff4ba
5c12dd854c	47b3942865ea
292a58e88c	66c00d33c270
518e438ae1	6fe93d7bedeb
6a7f4c5ab6	d7f5c3b15401
cfac438f49	f98a532869f7
badfac5282	29d719b7143a
2c7f763c88	a3f399f05322
98a79c28f7	f3c4039c40d5
236e728d6d	e3b942c965bc
58f176989a	3cbe1fa79c6a
ddee4eb13c	aa518bcad361
a67425f02f	8b144d98ddcd
505820cf97	ff91fea4968d
25ed3733dc	6614f7298898
f42ea32100	dc0a601f412b
bf84c426b1	ff9b40d4fc0c
97186644df	f73d201a1c3a
6227271309	230b6eb64f81
aacdc030f7	4f8dc2f5bf28
4b7b8afc62	4ddd7eab9f71
1533480024	be19144916dc
c42d80c4f5	a3aa325adace
18d1260289	610aca5217e0
381875549c	172e765c0b7f
d75834a919	043996388009
a1f36f102b	ebd0f7cabe82
d3a0d8179d	682b371fe1e3
715f6883c8	a775b9af508b
53c9294dbb	7b36b483af75
9544857794	62fdf3c3aff9
18804c0e8e	0102c98522a4
ef9b24ece5	d5b742fd084a
c45e8577cb	6b8b00579791
285632e6f4	bab353ab477a
54df24d2fa	ad9d68ab9a19
477f818ed7	419b221aabc5
25ebebe717	0de4d78a675d
0c67a55ca9	9f9798ebb163
e7b1bfcb59	eab0488fdc92
80cfbc9ac8	0f8477b09092
9e0721c5fb	80d3ea0a8717
a52e24a7b7	4b181c1dbfed
56590b0343	c79fd9c34557
b2e33a7321	9d1c2bda3949
d8e9d9a60f	3dede964814e
c886230fbf	d971d2c7c88f
50de8fbcb4	7246e55548cf
72446d455d	fb0cd12e2809
e8e6fcf334	d072aa4c43cb
c877194081	6ac850f101eb
302a94863f	0890c82a6a9c
7d5bb82c86	e0edd70c47c6
7f9f5ae732	a63d4fa31a18
239da4fde2	b050639f8b50
3462087b86	fe9071cd5cc2
8ef1f4ee42	34cdd83032c8
34721be1db	968a70f35fc1
15f592e78a	cb85a0648af3
c88497c742	f057f6bbbf3c
a981af5d65	ac89be508dfb
2a532e535d	4b1ccea11f9b
a2a65efeb7	a7e4af07deb1
770883d4a1	6df79c8b4fa8
c9c317cbc8	21c6ca2bd3b7
8e4b1a5fbf	881013cc20ad
502035ae00	7ecb352fb63f
c6eb14589e	65a0da717f7a
bb1a104e4c	816be7b5b693
7d784538c8	15c02dddb557
586d19a476	98ff0b433f5a
5a69ed6835	0ef22d72c722
223ebe29ed	0f3c7f73e305
56b5517f44	7531b600426b
f27d250248	d07ebbf6e7f3
5590dfd275	d513ba19df41
6142369c77	7f37a807a9fb
da028e11f1	d81bd5f01d1e
27d13dc53d	fbd0cc46509e
6a28b2f42c	b6eec728d057
4732c33b63	59035cec7843
9330eba7c0	b3ad91e1309f
b0f9c6a537	64384a1597e2
bdeadff039	11b06b35de17
af80c431e3	b4a6ff9edd8a
12f92de980	15cf2d192e2d
d427b27ba3	928a2ecfb0af
353bbfba36	e6f89b7bbddd
3eb7aa1a07	aedf07b1260c
047acc5479	4edebefb9f15
23f2007fd1	21b8abe752b2
6a1b94cfc7	267270f0add2
43bdfc3291	f5a210394955
c266df1bb1	c39f39d8c07a
7ff3dd35a8	2b6e0c326e23
75e967d2ac	193ea90dda0e
64a11142ad	c8cd368aad0a
41b89c54ad	9faf60427643
9c1298fcf4	8fb0dd3cb923
f776763ec6	6b347f1ea158
2f8325006d	58deea8b6284
25006ba13f	1a580aac1120
1b4384570e	32643c4749b4
177d794579	b7496afdb2e9
63666b12da	f386f7f434ec
377e05cc21	87e1ee577a52
75290315f5	51271f9981c9
7b007cffde	5a008a2ee635
50dff0cf7c	ca7f55991476
aa7a61f758	3e0819afa94a
07c82e3a5f	417c554c5c77
eeb1a112a5	cdb2739e821f
18da24aeae	81c3340d0803
74b14029c8	0f2bb0882a8f
045762f3a7	a4d4ec5b4064
2c204b50bf	c57c468f59e2
1146b3ff3d	6adcd2cbe011
c8c9c32b6f	5989c21ce54b
04bef831c8	e98d6b5529fa
1f2590d606	17d0bffd314c
a4e08c8b7e	e4afb61426f4
d819929c34	de17c0de0dad
76e3712783	1e77c75f631e
70f278f5b7	b26e849e9c72
ae1ff162ee	5629014f146d
a7ac96c299	32b039d897fd
d30298f75c	880adcd9c78f
d6b985fed5	7510e34d3b89
d8ccc0adcb	25ad19ed8b6b
eafc6a4159	63918ef2b8f1
07ac2c3a3f	7b5faa1d131b
55a997f86c	2a013136ca45
58882cb101	971cb5d31884
913321eab5	910245b7cac0
b810980b04	90bd3f0e9a7d
f8d778eee7	7b89c2b0ae65
d6a85bf720	c1fe8828464e
99f6cde1ea	7969979c0576
be669bf69e	561332b52498
6515dd3c59	b8a03625eea4
d40c847b88	05459563f0b0
e99cd96513	aace910fc07d
533cb8b700	c8a5fc497fd9
57c4aea7d3	cfc1a13e8f3e
8ae3893322	7202121512a6
fc0ca59da2	f1ecd23b5539
0c2b8295b7	8a516a442897
ab046d9992	4493aaaf328e
9ff2152e52	5c88ca9f9183
840ba38ec0	cd14168f969a
3331fd26ac	5ba5497fddea
58e895a164	7b493d974d14
81c7f4abe3	690774db0af3
d8ce11c618	253e67166dec
aa8445c8e3	ff8ba57fba50
c2bb3b16d4	34da7332cbd2
b88ed31bd2	410c59a2619a
ebede7da39	8acaedb557cf
283d49458a	cddaeed261ae
3b7fa3734b	e9b937b677bc
e58e22be74	0db61fa2ce85
d46fa65c1f	28a72a87ee72
7fd5f49ed8	55f362cfea6c
f969b554e7	1dc599da0576
954d02fd29	ca328f56b947
92a294785e	1120ce018f55
f45d16f829	4850794aaa41
46367f203c	da451e3854d7
c2bc66d79f	2917bae220da
68477d7dfd	fb6fbeae4fae
a7f4ca0915	c8b8e6b1232e
e6fef87486	8041744f8a54
15eac175b3	c3422090c7c2
7dacb982ec	c5eca9751320
28045f9e3a	b06398599e9e
7842c519f2	ea6a4f766e80
ea78f7210c	c715bf42adcb
f04b46b7fc	c5b7b2c6ca9b
acd64b6fde	5bc3e6225c26
70b0a2bbd0	849c37ff766f
126af73b8c	961600647d5c
684ec251fc	6e54128c8f56
c940b98334	561a6b110bbe
09043be434	975cafc56c5c
71ddc90774	b081523068e5
2799618be0	0de6fdd8cdd8
0fd19831a7	1e3825151df1
6fe0090d00	b766600d297c
098f66774f	e0e863701d4a
fba5c664bc	f86242887b83
9bad5c3089	3c5dda020307
0c254ae89c	62e368a24ee6
ebe12d24ed	ebce78fd523a
3045de51a6	9acb19c9f794
cf262beaae	31cb60830e0d
ab2436b6b4	a8ebb2c117be
ef8715f690	84948d523ba2
de49d47773	eaceb07525ba
7e469b3317	355712600c15
f500c76161	6ac71eb3eb15
4967a7a3a6	b6de750073e6
691c6130e3	452f135d9607
0f9190cea4	69a3a973ba3a
2211333963	0f47da1fbc52
5b4e27ca4d	e69034fd9988
fafb02560f	a5e03d0d254d
9e99c03b2e	d6228d66fcea
8948ba092f	b5ea27a3e8cb
2e1fa1030e	d511f9d2d8a2
450ffbdb12	392cbfd58308
39639f5196	6ebd46e1f03b
bf53d5ef64	9759e930a417
d88e1664cb	dfa5fdad66f9
9f0b01c60a	7b620c05564d
a32e04e432	96494f54f0ce
3986071c4e	8877be3578e6
4c49723001	5dd72d8c90eb
0a24321625	33eceb1bb49e
89b72eab85	775094d2b06c
cb84756a66	71fe16d43499
d993dfc99f	c90dfa18ce51
e04e2cbcf5	74d13fdcc591
9c19d9a20e	95de2b5a176b
7c9edc1798	d8b2787403ed
bfb64fb8f9	bc53fe042de8
2ecfaf645c	d1cb7bce25f9
86ae0a6680	f7d9cfa0abdd
c06f8e1ca1	0ec8fcbce9ef
9ea7c08b8a	59597278440d
378b93fe1c	a3b4fffbbfda
1729ad17ee	23e42c2fd44d
ba3a196101	1268cd6df7e2
5df9931289	ad137baffee5
118c697f23	0b89d57878d8
29f2f30666	33b688de8ddd
531acbb700	c6784345c65c
6b071a436f	7dd4a3be1fe9
132770ab92	5a3791c86892
dd6afc953e	2c3907103861
e7d52c05e0	4bae5711f7fe
819fefafc2	e9238dc2fb47
725f2e9124	e8685a8163f0
0dcc951972	c2eac1d2768c
46154af2d7	5e503ef2acab
77332ce59c	375c78c461b2
770e917223	ad6b12ba1a81
3b0b48adee	4b13469c1341
18fb710bfc	8badccdf7bc7
0d2e24cb8f	c67d59333be6
3d5c186947	6f95932fbdc9
a7e8785847	a056e3b42627
22d9bf7412	bcf93763624e
78a54a4053	0a61463d8a89
6e73c5664b	b787e0104c91
608dc10f4c	9e6bcd1aef54
83655e18a6	971708e3952a
6dc40c982f	3cca9f17f3f0
d963708f1d	c146c55719b5
ab7257620c	87657b943cf5
30d2d6c7b3	a8d57ceeffdc
9a76f3087b	a87e44998830
a3715dbbce	807808a3c49a
f13363b504	1ca3a0ab4ae4
eeb8a2754b	cd9b27085326
081cc08ccb	0cae611d3f0b
51ac4c1ddd	c7d771afa08a
45c5a4ca9f	aaf53c055550
fb460c3cd0	f63516b65a92
d1e4a01fef	04bd1e5c0046
b99be4beb5	9ea4409add23
8bc5fdf5cf	39a3a480d4f1
e8b221afdc	d6ca8a8827f0
c9c40e9ce4	25c90368360f
0abc81486f	662ae0c4b2d6
3856a90c42	b9ed58e477ff
84ebaa11a5	b7f5ef46c4cf
130bb540fa	3c3d03a51678
def77fc8ed	a9642174398a
bab974bba3	3fd53cbf5588
d7df4b3e29	e7652d115ae6
79da402417	343818e21e41
db5276e08e	e7f9b3dca2e0
00814cc1a5	66f82e50d341
4bcfea5f78	f4bce1b39711
c27df8d0c1	65b1bf2283ed
45d306f658	1846325e6508
622a7dc5f1	608fb3624118
aa9b21589f	e1970cb4b5af
eec3709595	f69916f3e6fc
86f9e84147	e859559a4d88
e68f1b3175	d242e95ffd4e
32e57919cb	97a945504cd1
d1b13c390a	e1c20bfe1c1d
eac2493ff7	fb0db3681966
11d409395a	26848ca08e31
d6abd88461	796f279fda1f
43558a936f	038c433e4284
14095afbd4	1dcd18ab8966
b69b6c5d77	6063de982b96
54227b8d92	210760b5283b
88469ca737	ea5bb42884d3
fab6361b03	464d0b062ea3
ccb163994b	ceb4d5d4814d
1a3c40bcb2	02b7897e4e65
d0da29bff8	235451320539
679348ea9e	c3efb5a91cca
3eaf66e384	e7141f289db5
0d4d1dedaa	8fd50c323936
d4f8a9f326	0325f9f68100
ee8962e077	75a49674ada7
e7e14a5e64	7c5af3060b38
09d18ea67e	454fa549def4
c075d458c3	09e28402dd5f
96f26b717c	1da8e8b681c6
923650dc4e	fbb547eecba4
5c0f15aee0	18499980ec9f
1905bf60fa	9c3f19da2fab
267f1489f5	e8ccf83c92a1
33b50fbfdb	4e4564bcd542
a2fca6a486	1c41c781d685
0de3079c76	95509e56485e
c4d5062de4	76820634352c
5f3398661c	225496020d2d
16b49e1306	5d994963c8ba
a41c5d8226	7454218da0a7
30fae6af04	54b6d3666da9
1955e640cb	8ea670162d39
4440e70414	3f08becd1f02
5cf283f99d	68bd0ad215a6
b525f2e5ce	fb0c8361be80
52a0d446df	039bbd6a5598
5d33c8484f	4bfc7a66b60a
61adb19b53	9abf63d39f42
ceabc071f6	86be0526bb6b
b3c952f100	3a5daff34d6a
fd413d1a5c	6295ff68606e
1d4efbf408	81d5a0dd6dec
3fe40c0aa8	272a77510e9c
8ed01d530c	6e33a60ea34b
42225089cc	8dfe2fe8562c
a99dee36aa	f27d0d397d68
e7160d1dc1	908a0368990a
69c9700f2d	39b5de5fb75a
696162a671	723598db9f38
70f81980cc	98335e4304b8
4fba8e2d56	7cbf04f1cec5
48e5399be6	d5248fe898f5
5832a8babf	914ec026ac1d
467a35ebac	6486e6a0dc6a
ce12678349	78c1e04905bf
b1ec099b48	10b1dd807c74
4af35025d3	497be3632783
a7423c45cc	1dfc07c968d0
f659628def	7d56f9ec2a85
201b4d2feb	6acbef437c84
146dcb763c	0862d480ae23
caa90e127b	c95c28aadbf8
3122210320	ba68790eba9d
c89551cdb1	9ac3e0f41979
b52434cb59	6a91b8cbe01f
d681265e1c	746cdaccd7c9
143c3a6632	bdacb806f99a
59f1dbfe18	d456cc858a4f
b31847b480	a4a75700888d
ba327961fb	8ebc04c3d758
f4fb1133c7	ddf9cb804a45
006a66b313	ecd01041d07e
912d79a41e	bfd6a8e7498e
ba3ffca65e	c22bae8a42ba
a15f646697	b1c54ab074b2
dbe5738b1d	65732cca06e5
adaced96bb	0c83f52658ca
2a6b44cde6	eeb61cc3a6f8
98f58ba442	c0a7306ee482
dd7a13829a	dfe54361b0bc
d79df1d0f6	834eb09a0cfa
2daf86f28f	b46138cf8e40
bf96305bcd	7a56d5dbdf32
f79a4da71a	b3d38df19ee2
f9bd3fed4c	3f5bc8d8423d
cb8c1278c0	88905afe8748
9e5c8e1bb5	102164c6a87d
7c7402d8fc	a8a5c71d1515
d0f5db65fd	9b4db471941f
7711de715e	619493977cb4
6974d93934	7692693757ec
047650b850	5b86b9edb2f4
23edaad9fd	88913cf126f5
f260529286	a04a8f475636
59dbab7b4f	f8af8d01229f
e770ed1b6a	d68a05a0b404
4039eb29b6	fa2b123b668c
ae99243898	baa6819d2751
fcf128a463	084ad1fc15de
6877ceaaaf	55b2d2070191
6e1940880c	1f7594990c37
bb4f77a246	d308451ba354
79766feaea	3fa784e6a772
f94f1d5d87	ee4f7d9f7b94
bea6142d91	d72daad2371e
df3fee3103	e6e126f027f6
003516fbfd	b3bfe9268ffc
3d64c8c9ca	00ea9804d144
40dd559117	0678e1f641e5
ec48b503cb	a8b68ffec7bd
5753584df0	2019a5e0aca5
a2edd2084c	2580785057d5
7f3d88bdf0	98c9f56dd420
7d5f1bc613	e2ab944fa4df
5ef9460f03	5f64e58fad7c
7c115f28e9	b9192726f1f1
0d037557bd	d88c520439d8
980a52a593	065f2b7e36cf
456fbeff17	3df30ecb4a3f
2816a18fe3	60e9f8f04353
5e6a0b7a43	bae05d92f300
d457811651	85c93fa37c1f
0618377415	559a26229b0e
f1a32ed3c8	a1803ea6e132
d6ea90a349	44390e0e01f9
d90eb4ad34	ecda24b2f04c
0ace661fde	db80a40ce659
13593faeff	e8233c7d7979
1cd01e54bb	026abe93fa71
bd7bebde27	7313ab99b7e1
89b9868d8f	f2e31d6aaabb
2b9f3cd32c	3bafc6011f2e
302227d00c	e5070c4884b7
f7b11521ec	d798725a76c3
228eac6d4c	af77af81cc74
ff0c51eaf0	4047463b33fe
ac7d1fec5e	a0f4e03822b8
3c6b451b76	3525384d7d1f
af10849c18	eb54db9c1543
235b2b35f4	b3cd868b6f53
549865b9dc	6ca8b10e95d7
d090fc5628	b55286d27c92
709b7f0d65	46263c7a8cef
dbb18c0f53	1acd1c16423f
5bacb8db22	e89373e58bed
0cc137bc82	1ad0ebe40f49
a44efb36a4	83fa923f203d
b25374e77a	166d6202ef83
bc90ba4931	f6a047de0ed5
5e10ce80b6	93aba52e2de3
5f5c8c5c16	6fa0dab50b16
8d9a16fbe7	b05012aa7ac2
bd2cbc4c04	2d769aa6a268
c2f5a678d5	5fa91c0993ce
a9ab26647d	d4a730d7a3bf
d9cbc30c08	98324f9dbaf0
dee0bcdaf1	645048b0e85d
2d32233b14	13e0929c20ad
79691ec80b	e5970623aeec
5d3ecaffb8	3803455a67a8
2228be3d1e	13d16e86e347
0ad6de4b88	8178fe5624bf
e14074f52b	1d8b4ce681cc
8688883932	08e9f196de43
d6b1ebb868	1a396d9b7671
31c0c8379a	dbfa61bd49c4
f74c01b64a	a53a0c1ba30d
ff2f410658	30c331eeb141
989c14ef6f	5b1a66176d20
352ca2a503	20a48d39c3e8
5d318a6fa9	ea3c1a6fad9b
599fe13c07	46d35673a121
68a3c0e1f4	0806c7dbe4c8
7879cccc2b	978565f180ee
bb8878217a	730406605d89
94ce6ea91c	de38caf15608
bb5121e360	8ba12621d4c0
28d7c17642	8237797afeb0
254f8877be	3cbd91e81206
3ffe319ade	266f47431d9a
fcbbc89bac	3d560b0cc5ba
d2615f6e89	4476cb9fd03e
31f8829369	b316607f1a75
9dd7011f5d	e4b913eee1dd
553f1749b4	f5e9b26c4013
ff12f8fa1c	313470ed15be
3a11357978	7b6b202ee691
ad34958278	7e57a5a1a771
d50e42d8ef	a9c0b7ce0699
d7d65ab2c1	48bff60889fa
147024ff7b	64488a88fd77
a9555aac7f	d5760c168ddb
36c0ed1b7b	c6284f974427
50e5e62634	f4a345870f55
4336645338	e0004bdd3798
1789b72ac2	4ba2e1d3d5c7
c81b2cff8d	efb08ab62b1f
6e76776310	81044e446bf9
f7b25636d5	3dcb9a654112
d3b322eebb	b8e2a9f981a0
97d00e24c2	d869ad1748c2
eb4f30dcff	5ae929529de3
cf6ad252e3	202615b824e5
7f69f49173	d18719114086
6f13b60bd1	ea5975a1b1da
19a36d739e	d7292d8013ab
b5de06fbd0	869e79ff9f93
7d67a3db0a	b50ac57d9a35
7baaf7ec9c	07365dc3d029
320da73063	2143616fa1f0
1eabd462dd	10791c0aaf1b
76ecd03c44	49a5bcb8819f
da9328e626	810aa5b7287a
7b2182da8d	06e3259f7aa2
91191004e8	1eb9c3d7e04a
6c82e2dd9d	d310fa073cc0
ea042e7f05	38178cb86322
ff116f8487	471f7cbf88d5
365428a141	27887b1b1640
ee63adae27	4ed3828cc13a
80a3e26238	22d14a70f33f
7d0ebd84e7	ebfbdc9e0f71
b92d5a1b91	b3ddedb090ad
7e5f790212	9f018f9993e9
9017714e42	e1722de7c185
52724f6e13	fc1b76b24143
0f4625ae46	3c7fd7e34b11
0baf281927	8f6ffdea37a2
6c79094290	d6b44eaa2d66
6c22be90c5	5683b3a541f9
0761bd8b26	26cc641cc3a4
f317c83abe	8589859cce16
3695bc65da	b423ea742eb0
1c038a7314	ae961687b2f5
b0829ea882	bb0fbd5be362
773374c2b6	736274b4afeb
3f33dfa35b	6ea38622b67c
45109ca14d	84c3c17a47e0
b1d424feae	fdb7cfe3d3ea
e80505f6d6	6d2ee062c554
5f39ff3f6d	f1763e10280e
56b9a58006	648c1bb965b6
546e7d8384	01d2930d2bd3
273ce45de1	eb30a2fef16a
d39f2a9f54	b59a99cdc66d
e4adf28386	d325d049ad0e
74c940bb70	5a1814d286ff
2e28053fb6	95a0ce958d08
ec5ba62c09	93cd2eb84460
f11ee87480	a76f4ad71583
1dd1a3a9dd	ca16cd56a992
b45d27491d	963cf89b05cf
0a9886b683	f234acbd41cd
a8c8d652e7	647d858a072d
0c7f907d91	a3b98d704f3e
314f593567	325271b5d8e5
297e6a9af6	83553c71f95d
ef63a42dcc	59a120b66063
a55f31bff8	21c6d000dcfe
9183ad2290	40c9244be37b
66edd3ac05	935060c4d7ee
bfe7ddbcde	0d10db847a91
c2bb928a76	3c5690104603
c9b7225b47	36ac0eb97079
1acf5946a9	1a5313cd4268
7796e33b69	7b08d8acefdb
d539855df2	8aaf33fab70f
ad40062e3e	2d0855da4737
76bc7833f6	06caa4e11876
1a98da7bce	ff3e1e9557c1
ea8f25bb80	9e5720250a98
81e066b76a	2fe91ae4c6ef
d1b0020f56	cbca1849369c
03f6732324	7802bf635e74
a3469e916b	45a03d9e7900
56e881436e	b3769cd567a1
ea353329bd	c3a96821036b
9397805262	6482d0ae2893
26c44319e3	52155b779865
6ef001560e	27590a9dccaa
ded43bfc7f	c459fee4baa3
da605941cc	1d2755fc554a
8786d29e96	aea9769a2ce7
7fc7a088d7	b1bd50a0311a
421d9a4462	2b58acaf406c
8afb2ccc41	5c11874a0dba
22deb7cfc5	503153d67bfb
b7c2d249e1	e0da26390476
08a8be8871	fe630ff6f4fe
def330f1cb	21f5a4adf760
16f30f5a34	40966056e496
0c211e1492	24cf6384b659
275a585a63	7a2e086396f2
6a07e19b53	d89a2826ba9f
7ba67be346	d71edf60e530
b7f22c6bb3	c17a52d3302f
a7aba75469	1e59c966a6ae
9e46cd56f1	8ed2843a4406
6a05b0df04	048a7f044c5a
2b5bcbbe33	33ce67d0e4ea
2fa683e7fc	bac40680399a
8c89db6a38	80a7632a29af
d1873fa49c	9a77585a6686
0be68bdd5b	07ea8ae6828e
c07983cc81	f012c7865bcc
4418d147a0	c871a46e6035
69bca95143	7e6879868140
9fd8207ffe	ea22001b7de5
6ef8fe4253	6591f2242b83
dabb8b69e1	0ff497a50fce
22e8f40e99	6377de35a69c
34966e3e96	f48b8096fedd
7b2073ced2	3f9418ec0665
c28c990922	6ad922ae7577
3ef8aafd10	8c6e82473118
7e7c2656b6	17bcf9b90b76
60f2e10be1	08cbfab73623
99bdd624a9	ccde0237efd8
0ae0c3931d	be138ebaccba
7891f9e1ac	e78876745957
e387f0ee85	a0ea613de3ce
d0fe80e97f	d714d632a5b9
774c28f03e	858fc8f05add
f9202cf6a4	247426aea787
4661b5b95c	3277ca018450
2051e3d31c	d990c91a1eb5
72b548eee1	9e6d5526e9d8
d6bc763c7e	40db31fb6d7e
2812dc6769	12d954965768
95aa9e99e1	20e0ea9b5b4f
be75d5fed9	0968648150a8
fb38a91ac2	1f7f497170eb
ff14224d58	592f6ae3e672
6b8d3b1842	9cfbf6ad382a
0461771adc	1c2d38cb45c3
81cf354ae0	7f7a6cb35a31
19de47b22c	5c2cc23c1f51
1f0bd76718	35b131a88f92
ff2c255bca	1b78685bd01f
af0c5d211a	c582fcadf088
28be0c7550	454489d68120
f6e7af936b	2d89b2bab2b3
014ed15e28	1562f66112c0
f319e44dda	67193820ab81
2e3f3e9215	b40a9e754884
4399412007	4354626de23c
ae30e8ba35	8b8a7ed2d6b4
b3fa3d3b2f	babf9c2603f7
451cb255a9	da859f300eef
83f6b5bfa5	651b10e7dfc1
8f91f90477	e3d64ad7c8d6
8cdadd9938	71a63559af5e
d02a23e481	866133b6c142
013801ec00	d6c390cb2668
79b4dab914	45228059976c
5104970582	c189202a6da1
ad29237f0e	2d1d964c3474
b9a41abc81	785eabbd24da
5228a0b14f	faba707d3d1f
33293038c3	316fb3677b9f
ab9e7c60d6	89dff0c5eb46
093ae58c26	be2c0bcd0cd9
c4f7e3f78a	a1b540521d9a
20a7500253	a4b0fc84e791
ea71f44543	b740551afa85
6013bb21ad	1c765d178cde
4a094ff8eb	a45d4ad646e2
514e81c430	ad407fdfe16b
67f02077ae	21d4d2bae0bc
d6ff0f5132	72cbc5501f37
bbc8e5b3bf	2da567993d97
4f26c2a0d3	833624ab5984
64a58c0a78	2362a0630b52
cba1016b83	d49f038fba7f
ade57d88d7	941f73056427
67ccc9eacd	d8ed18e68396
16c42bbb39	893316ac29d2
ff4a71544c	096ecf00e786
a42c037d96	edc50744f33e
1d8d562698	66a892dd2bdc
0d6ff179d2	dd8e0e67c202
fb4447b2f5	05e002136326
473005594e	9f7fdc1bf4b9
162d6f5a24	8469ccca183a
825e5372e4	334f4f7e3416
9f69ab0ed0	bc1d7a39e084
77dbc13579	28dee43bce75
50a6fbb1b6	83531a622a63
d54b9a39be	bc9642903e37
11ed890129	eb980fef6d68
4a73fdf659	84dc3f30f606
63dcc65ed2	481e5b0a861a
c966903c75	096ba422c8df
fca728b09c	1ee7303ff583
508ece9afe	04dff8be836e
0a1a45e31e	437e599904c8
f6208b646f	197a5cffe682
1d372fd5f2	53133c73692c
a9f8367036	d74f2ee18316
260d188a16	f4968ad328a6
50a98e54e8	f84a94a88764
c2f08ac55f	1ed145ce2ad9
6a60f465e7	2335379fd762
1d4c19ee10	98643fe10853
e6c40b80cc	c268ef02752a
9223d93f47	de39a25f9db2
aace1a97a5	832272b44ff5
9919cad2d2	474738e87d68
92d36b8716	7772ddd5a7b4
e9663db146	397d76d246ca
241279fbc9	2bbe24c81e03
d20a659fd7	7bedd3482821
7f4c8a2e26	899d545c214e
fdc93c8061	6e51045740be
b3f50d7e2c	7cca09e0ff60
371977ad93	db5c07423c35
48e479095e	1d51310d29c7
4c4ed821e2	f11028c6e12d
fce518ddc8	0824fa34cc1f
1214008c81	ccfb71c50e35
96de4271ff	cac75d9f3bb8
2a71035ea6	48b4fc3c5a2b
2ece984b37	42d38d879a74
ab94cb4407	314eb08fbb89
3f6e614ff0	e2421ec6a600
9bad89b4e2	a6af5106198b
471a15dc8d	eca75e3dfaff
ce07b68e7e	9b426872a996
e0d3bac9af	bd5d640a9ced
e50c53b018	c36aa3c870e3
d9571c8e49	6d639439a2fa
2f553a9203	3df333bc7fb2
f3c9af7cf2	b9ca9cd3e03b
44916e5515	59c8f4b7a434
4155032c08	463181b4c8b6
19626b2d66	236a3c5ae0aa
7e9ef97110	735a27848a85
0769fcb43e	233b064e88d4
5888b2c845	84afe5a89565
fae5a1b553	b1eca75c269d
800f822b06	7ccbc91feaf6
7c60ed8fa9	a80d4631e8fd
8b3a7e411a	9a64f7977b42
cf9e00b06b	72ccab36d097
195819db22	78fdacdcace8
f7f82af179	4ebd99f4b7c7
1d56db7485	36c2aefb687a
59c4ecc206	9ead49ebe9d9
33461e297a	64943c28b24d
57559cf145	f2f486fe60cb
2c2e19c81b	6b6692d20d06
b7269f92eb	f963ecb641c7
28e7fc5fab	3d63bdba0971
9edcf2ee24	b9948b906781
b7f3e629ab	3f77b5cd83a3
8cb92bb32c	6551336def41
980b769eb5	4323c29c9a36
f8385b4dea	b3063dc8f0a1
48f38b433c	3391db2f53e2
6b1689e76a	d4791058fb82
9c7d2b68fe	06683b977a2a
61c23ee311	5e1ae006cb09
9f03ab6ac6	911237a0cbb5
48f68626ee	8e49f0471909
882d30e051	71070d028b15
aea90abcdf	ae376741e1bc
d4567758c0	7d2c27fe5652
ad1c5545cf	838bfded41f2
5c88ffaf6a	0b0b0f9d90c6
95897c472e	4feb3f2d3d72
268e944dbf	bdc52a96332a
aac15889ff	11d59d419a49
b0ef7fa045	f5f43d366776
19c3468a10	8f46a25df5b9
f637cca39e	c56e94dc8d11
4c2fd2f5c0	610337ebf9ef
004fba5a66	9511d78ed92c
cafbe17608	566f8213b13b
960b3fe042	9a5f382ee97c
ec8d885d9a	6dcbbf50c58a
f7a99329c6	41cd989cdbf2
8204c6cc80	934178ef256f
35b155f36f	9681fb2bbdf2
459d63c29d	b640f229d700
f4e0d79048	1307c80645a6
63f5f4a556	491e888502c1
947086d868	2bd6793dbb27
f7e0eedf89	c2158f1bc23b
dd2e4aa562	659e0d602434
969e990023	4f48103e0bf7
3a10280d93	9f090b12a9e7
30daffa606	90b805181b11
059f9faa3c	4485d803d852
5e7bec2b75	65b7708f0324
05642b7243	6498b49e88b1
976af54e4c	c21814097b6b
cf1e2a7d34	43bc87bb48d9
6fe73ba4a1	4daf0adfeb48
b0649af31a	5d6fe3650365
e85cb87059	acd248171e7e
98a8c2dd55	1ebe8388863c
03947c3d00	bdcb26f71753
158d24a633	3d65b3c46ac4
42f684f13c	c1418a7320d1
ce8292aaa7	aa3fbf214f2b
ce8209c069	cbec4d5ac568
1f5df79871	35c9eee486eb
0433b263f1	f2018ba628a9
dfdd819768	76d41531d9cf
db4f24ae7b	c725d324c11d
d6fb69bacd	248d719d821c
8a646df0a6	92b85a675c2c
cfe14b452e	2de3b4db3600
634c80a3c7	4fbca7b30d56
c61e27f387	b08efce66b71
0b4e97d159	2c8deeb8cf97
eb137bb8f4	8d469228042d
a870e4e663	5fa544324206
ab404a50fb	84aea5b9f678
dfb1d0e50e	b0856379882f
3209199b54	7c6a6f174b69
15ca5e947a	6ba8c90f013b
afb53c6ddc	8023a9309717
ca3d76f210	a203770cd3d0
4db56b5531	468ef41f8525
ff66a3a4aa	9499bc6cadd7
c8b9476dd8	bc8a8c8a12de
0e5fbbd5bd	64eb56b8ea5e
1413a88cba	3bb386ac9b04
1757c9a772	04fc75169435
99ea8f8459	9810f7b9f961
b2e92bc3b0	5c7cec68e925
4c2249367d	5b300b001aad
96599e8ced	46090a605518
16ee03e815	a86499105da1
35b54f2498	21e1f24fd3c2
577d16b3bc	067619a03427
68f9570119	b67c4524d439
138091d6b1	61389b06f5ef
cbdd48bfdf	c6f276ab139d
1ec424818b	cfd4493c61ed
d814ee8a29	0d1ae0620df4
df53de33f2	356541f857bb
d7fa18c4c1	700e3db0143b
37ab547433	d25cb2cf2364
42e3fb9327	8e5f77aaeb66
26ebd1b94b	1db83d531f11
9a66fe0b47	8ac5a8792a06
54e7f70d01	f4c5c795c6ff
bea58909da	e3f0095244d1
907a35b460	5d316f7f4d3f
03c202187f	193712ef6457
c8a71521e0	794e80e8bfca
eea3a7a2bc	d8975f0b5fa7
96070342b3	4d1155663238
ae986b956d	2776f05ea8bf
c71c2c1ae2	5ac93f6e4de3
0c2ae808f6	0e949b0c25f6
b2d99139ef	9704bf466d72
283b56e918	bb78dacc103b
12f7f6595f	648d4a979f1d
abf4b71a1e	28330536723b
007ecb58f7	ae14e10b2235
d9692c7d58	b6fa5180c447
f835f69294	248591328c62
ec6f58cd5f	7dbeb6861592
d45569dfee	5f1f7f323500
c651086a5b	587fbf6e01ee
7f46c465c5	53257cf482e3
78a5c55884	9c407667e5ab
7d9cb6ff86	7d060b82b4c6
f0d3b550d8	5767eb9ae6c5
40825dfc6c	3ae564dea9ac
077ecf818c	826e5a448dd2
243a467a0a	64e8e9b3c446
c9795524fa	78421dd3c756
b09e157878	cbc39da4af51
64c0867401	18a263fb7279
35c7442033	f4af5651c87f
5bc7d25e66	e7e3a48f067e
48c9f087c2	a8fe7aefb520
c8ff967f9c	0a567ec1b943
f4fd3485a1	12ebced85cf5
0e5689a42d	8f0018d074de
5578c0b95e	c2703b96e91d
f0bc12443e	a166b836ed5b
a5ccbfbc9f	3ef847f6469c
8e87052495	6a1490901335
93d70f08a1	55417be23712
c35941de08	7063065a837a
557130ad3c	53b17344ff1c
cf795ea507	fff09d474883
fecc419e46	de9234646d4e
f8723de047	f84adb2b1b5c
be98ed76c6	b67e29c066d6
a7d2416656	b036daf7c11e
41c463b778	6b8fbe2e0edb
d702573509	18e727fe3455
b6a4a6624d	beb277dbd245
ad17cbfa68	9514b3373cca
5e54a7c0e1	28957c18af8e
e77d7a72b2	ccfa7977cee2
12a7713cb7	e07f3028873a
b0be30b4b7	7aa17c639da0
0e5aa919f3	c8d4126dda46
440f6602e8	8adc9520b28e
a47cc7957d	56a6c06aac5b
fe6ca2d93d	21d7c4c6d062
38b8820278	4ea0ed8f471c
4913bff7bc	334cfdc730ef
cabbb43653	1946899e8d0d
d347828fcf	d09ee8d1bd19
b44fe2d48d	ebe358339f22
9ab63769d8	f35275e163a0
1b38138610	e8a16a22ba28
481311cbd2	bbb58c295d3a
b7419d9915	975d4f5fbb73
378dfa8954	9676560af03f
33c0d2df34	dbfa0d6451f4
394b531fdd	d5a722175275
298b8433bf	07aeff1aaed8
cf3764d128	14ae37821018
2118dccb5a	59d783d62463
2c90dd38bf	d9150600becf
e8debff73b	6871069e6d73
33a63b2c7e	6c55d56dd5c9
6ca0340611	3fb1a8067c7e
2b717ac99d	072ea032c0d4
150038e13b	90e5af9daac6
fd9ff902a2	c627f8ba9867
9631893b3c	1057b96bf1bb
00f087957b	eaf673cbdb25
5eee4ef15f	6048ebb46792
10369348e2	0694defec6dd
45fd2c49ef	5c4caca34d8b
40b554d7f2	5859570a3dd9
944bf762dc	1ca2f354b1be
6157c78268	b341dce65410
e50383f3b5	b12514af56d7
2e0b111870	be2ba021e617
c0402b94b3	8724d67c76f8
03bf5aec3d	ca6333b2112f
bd5b070cd0	172b5416c048
6380d0aadc	df7113e13206
f84c13ffd5	28258a03a16d
69af07cfb4	422f7c13c1c7
594ef3d1da	8ecf97e6a9f4
4cb866b194	6c661e8f8160
0ea60f93bd	133be8d45574
60ba6e68a6	6f9572b1591a
4b67a8553d	8af887fec9a8
77477edfe4	72d2e5ee6d54
537caab689	27c152f40298
bd1ca9358b	0b6a90fecc07
97e9761240	2b452d62169b
9864a5056d	1959ff444901
ff7e7e06b5	62865fe305ed
af6f458e48	4ebcdb2e2c79
23b453eab7	f9ed45f50ed3
72996b80c2	ba49ebc69b51
ac0d3b0333	b8a0769a9953
b5828a90e4	8ac643686cf5
2165d48ace	093ddee17af2
5b3af3dcf5	8ddf15d843c8
fa8ed3a19c	f8a6fca18753
efcfdd05dc	5cf1ac53f727
6d16b257d4	685a2a050c36
e880b95865	57c658e66a5a
95795a594e	1e8f4c16b572
1e3e503214	ce8b85210fe9
ca3a501359	f072dacf2c3f
657c8ad4dc	0f9ca46ec275
db6f6b345f	8eed1b21e186
2264d1b1bd	51c6d445c183
e9b339f901	580925fc325f
332847f96c	8261c3bdcdfc
5de91194e5	52a006b88430
0c88198366	443cdc2d8024
199ca3bd62	926b5a3315c1
548aa3275a	d9d3de060cf1
ce93b71612	0b094c025334
aadc589f71	aafe657ddea3
c2a2a51a86	7fce6e52a507
3d918e988a	551d63307853
1c113fc28d	f4818f8ea9d5
71f44539c1	06c14527e15e
ef026549c5	8665baa17a2e
440f7f8ac3	36fa1244eade
bd71b5af8e	50de4fbdc2d5
0e96a1f1c9	86c188fcf116
fcd639d5d7	2f036faa9f38
b970bdd861	95fb362614e5
bf2ef01610	417b3f935a61
0326b84c91	b7dc62357144
3ce4de0827	5937484d19dc
aeea4af9f6	a4d404e9d82f
12526d4312	73c2fd726924
53874e7d76	545f3c51bcc3
8dbcedeeaf	8ec2e9c9a80d
c391160e25	8d974461bc23
fdb1f2ddca	87c8dbf0f45c
63fb9d73f7	2b864875b4b4
4133470c14	f79e2f452798
edddb25574	240196a214bc
c3ad0d0c68	c9d7cceba26e
1a6dff1244	b3f61d648f96
f639610202	401b2a55343f
a6eab892a6	76e828e3096d
6786789d63	ab2d25a948ce
0c63d2bb63	3700a3d9567a
be71eeb8f5	e6dfed80d5bd
0cdda5cb37	c99aa3c6721e
4a264bd825	86b9142e52dc
6382c4ca9b	2c272fc7a93d
9e0dbc3a82	9b670c822ffe
d3a6287749	0fce7ef7d5c8
210a9e0473	db2473af5859
3e29dd7cf9	2547aa1e1d55
facf625d77	92ef84cfe480
1c2167b211	72750ede547f
8dd9ead808	7a606e7fe325
0ce220a883	f8660c0d70e5
ffaf8bc0ab	bb95fd50152e
b6ef36b552	29127b375d71
8b4ddd4888	07a57f732765
7d19fe252e	b4b419fe798b
f174687028	adb1b63acb6c
6115c516d1	b5f88bb62975
82c6dec170	7d2ac41f7f74
0a631bb6d1	f20025461511
76af2cbe07	20b10ec4002f
abfdfec68a	b7e53c7aca5f
86f0bc1f91	e3d773dc000e
051f112ef6	b6e850658d11
83fb883243	9652d12c0a85
dd73b61eff	6ac38139c933
6ab52e8b23	fc05f7c73b9d
79fce8c9ad	d77078c93942
d5541e2ac7	ea3a2a24c36d
ab164b1a50	32a11c29e47c
509ae67d46	4516d27b27ee
afc2ca5bd2	630435f74d9b
311dad657f	e0cbd2f71f4a
e2ce2b5d47	b23b1e00e1c6
c93da2fbfa	4989195f80f2
3f7807e7e9	0b12116b7822
7ceacb49a7	9d12b42d176d
9c315abc67	dbc5b2b8fc6c
16b47cf20d	d5e9e65346d3
169bd3252c	cd633eed99be
49efdc4bda	b711b8706a75
b8c305f9d9	8b889b25f80b
51753a201b	b0a385282e14
21d29bea63	bd9a155b5985
4332aadfc3	41ff9eed24a8
ad014e92b3	e324bcbb6dad
b3686e41cc	d47128633a44
3bdff76795	baa690fba2ab
751c95c88c	0309d269679f
ca6dfa5316	761679772f62
c64b3db732	b4e3281b0a5b
1651010391	f66f5710a024
2b15216d72	99bb9afe939d
966de5733e	a74c54e450a3
c206d890ed	8833331907de
8b808c33ed	b89de71126ca
2c5054b094	871c0408bb9b
359c9e0531	343aa670903b
18a18d0336	0753f32e8cca
0336f1a486	bac5a43ed1be
b78c312380	42c015ed37ab
6780b6bfb3	ab61a2b77022
68cdd93e14	70e55bf5d316
02d27de81e	d7f5133fed7a
ad63a1b401	8ffe89550dbb
8a4ecf7025	3a682a10fe11
59ca7c94c1	4cd2b01d3572
d446601b68	c9c01b19d663
41ede26292	84580bc24719
4dabc7821b	005d7a807d62
59955feeb4	bfd20b3b568b
110feed8ef	836b2b568973
66e06392ef	79a1985aefe4
7db7e995e4	82d5d5b26d72
5127a8977f	98e7107f7101
7393925f34	05e16daeda29
64f47d05e2	33aecfd789f0
8bedbfc389	05aa69aa03c7
3546fb6031	2cf72da37575
38d0163460	0ace30d1d81c
ac25899f4d	335806a2c178
e7ccf34b42	b44053bda2b7
16d824053d	30111df051cc
103bbc866f	663147ded3cc
6ab47df909	31c614771a1c
2396bccac0	afbaac45c794
4c3ff133bc	8a2f57cfd8d7
2e742f56d7	2f70eb475896
4b19f81d1f	5b2a858ccf5a
970cb315a8	bdc9b56bdfb9
e57eea8f89	843f8f0ddfd8
5533052cc8	9cdd834ef6a5
0723be5c47	ac65098970fd
356f68bd03	b833be7dcfe5
a748dee6eb	35797b77af67
3dd15b1604	1370741fc413
ae0617dd7e	4ebd6a733cb1
bdd0ce3bfd	fac1e10709c8
cf2377a991	e73854636ac8
7b473dc4cc	4bfff6aadec5
2ef0038215	d502ea871af5
48a97b7f79	f77b0fd3aec1
ff641fc449	8cb0668cd385
2d5622a373	465e6fb7e8ef
484bca1871	cbd073be0d8f
e192145e3e	038bcceea5a5
9f174498e3	f6195bbb67ff
497d9816d1	bf533be1cbbe
16dc8e36d3	6e105f05fd89
c5f578c7a2	8f12ff84b44f
ee6aae0c89	403ac606d584
c5f61fae6a	79289e440a73
13689e4fcd	b6a72ed5edc7
88f049672e	0c5c8c9cc50c
9a565587b9	9624420f5207
d0a7e39509	7c1591649d15
875e0db3ef	1a7baa975dd8
fe9104fdbe	13f8cf47d5c8
17e3fa65f5	5bce1279fe31
29d9ec786a	f7b7bb216306
fa84d3bcfe	d75ef070015e
c07faef257	21faef56a6be
4b8ee17464	5a4c6f70483d
7ad8d1b466	28227f03a8f0
1d94e9e1ba	6444a012a2e4
a306b30ae6	9a89bc53b231
2363e6ccbf	7d50437b5e04
0e6576a0f3	d4e6872cae56
68c47aa7bf	509daddf80df
0132902099	3671f5d4795a
3d1e77d202	96584bf1e205
1281dc3551	e0a5ff159f62
36856f320e	bb25a55b41ac
b7a3ae1ab4	ba91645de079
51aa89bd7b	d309577edf30
b3403bd966	81929a958f68
d9dc1361c3	949b7410fc09
78b06e71fb	50d4b624c0bb
6d8db4c8d2	3e8be5621afd
2bc0e77527	304d4c638d73
261607c787	010296a9487e
0298b48842	44c799fe6598
bac2998c17	4043c7d4c0b4
716763a85d	0c5c817403f7
258226e874	ac6a2fd76a82
3e92412818	ae68d3076ef0
34c48db43a	366ca57a74ab
3fd414a110	6fda63858f66
0e54da68a8	4a4a07f335bd
831e5765dc	622dc079de33
15f83f6e73	7650588ca9a3
fa7b5688e4	c1d288121f1c
ec16c501e4	615016096558
9d6b6053d0	5211305f2eb0
b45bd1ce58	98d38569b2e2
a1e96e1992	b5a1e2d730fa
2e8919e7a8	c63c4a81dd28
9e387d1c62	c03ef48ef57f
bc455080ea	978464c51ee5
2fedcfaecf	b84d0f6058e3
bf08b79fac	6527f3113e84
ea5b1a83c8	d1ec39f0e030
e5b66d2827	85fb9d4d36fc
f5b94ad50e	1f74e74e827b
20a3c8bf01	5f306c102d40
c10c6f7ef8	f50f5bddc878
911dd5703e	61768b0389e3
1ffdeeaadc	73b0b5e85e83
8fffc25a03	5e6e3d3f60a7
cc2d87d9d5	aa1c830d36f0
95c74ac796	0b8610cdbf6d
57327c2f0a	1be5282e9c77
b317e0b89a	c713956ceef8
b31b31808d	80f7c096b0a9
063bd01a04	b994d6ea5bc6
29402583af	48c228c22af9
69bf6d9b17	c6a49aea8de6
b5b6430a0e	e052bb0e372d
78e6df52cb	14a0eaaa1f5e
b0bda4a0a0	8aaff0c50cc8
1aa9fa0042	6c66f47bd9a2
e9650f7002	77fb95836bb1
3581c36dd1	80ec4ea4153b
7e4beeb465	9e5862923f56
1e3d1ac835	7bd123e9a1bb
fe71e6190f	d69534922c7a
557c06a6ed	324147e64dd3
a262f053a0	1db2e59fa0d4
1a7ef1e995	f82e29b0edc0
bdc8d78a39	5519731f15be
e2c9812ccb	5bff00504c98
496a9446f0	58abc6bc53c8
c8bee1684a	abc42ef78272
e43ec88772	c28804e297a0
b148071874	7f30c0520314
02491c6e57	1375e19398f4
5da249b82d	de4794f8abeb
8c1118d4f4	e1f2a0eac528
fb6f6027ef	255ecefefc99
c4c91347a9	7e787dedddae
79aa4c63d7	1bc93e2cc9a3
ca3330078b	f8f1f0e80229
36d602786a	0182c9ba68a9
6052655f4e	a6ae616301e9
a8c025a41f	7b9e9dcea37a
7dc0f7c6a6	6baf0d41f5ec
2c9b51a212	ab58b20d4684
cb14dcfa10	d9c11f70c4a0
03a754593e	c1b591f2ee36
e761c0595a	e4473a7586a5
cce8b24f8f	7079ec475043
ac8e53833d	b2530af605b1
e9c45d2ad9	a5085121e903
61a290f057	610186f4008e
edc76b2108	1893af547ada
c88f33096d	382fa491b0a4
8e6654ae4f	40b231fb2090
2fa16e69a8	f8b97afc9b3c
84b60280c2	02d08581228e
27091c60bb	9f97887c4588
ab18e7c0bc	d863fe467251
e5d4fe3bc8	243b5334b82f
c410cc1c2f	f444368d7494
30498dd1ec	470d2702b094
72ee64a62c	5d208ae44fe4
e4dcddd121	3071b0596adf
44fc6a8c5a	647d515ba86d
953eb7b0a6	7889bf38a5af
78da8262d6	07dba00d949d
dd39d79772	eba277819dba
905fbb8cb5	d9e857376ea9
b39a9acfce	d086e44dff0f
84d06cf761	3a3cd7da4857
4f41b31a99	9efc44953f1c
bc5e42dfac	d9aebd144b26
30488c23f0	19ab0cff1519
3590a7f8a9	16611e7e889e
865e076c35	f78dec146fd3
f46b1adba9	f11d1a6f855e
09097f8d51	8534f6ab2909
a70b952ee6	39032bafc95d
d56172b2c4	b31449d0466d
cca13daff6	c08d8d2dd650
99b7d0ecd2	12e513c6c9be
6fa097210a	4c9fdea91093
8661155c9a	825a13de8329
260a8d3045	0d86faa94efd
f1a890c572	0ffe6db2f7c8
7fc80370ff	2897c5307a46
a68eed82f0	37eef77dc1de
532bbd405b	95ccfee2c98c
16e534997c	f01db68f52db
35f5e7f9d4	21727554372e
7a61971f06	bf87c2aad9f3
5cb5e2cfc7	8319c3cfb203
cc12e9eac9	ebb85c958e37
c3d274ef8f	1ced8b333356
3070f18395	9a711bf9d643
c8f51572bd	d01e38d6f380
02d4875eca	4766fcaa34fd
dca7a713ac	6ef02a892243
b4de4271e4	db0fa7bf06e8
82bf3d74d8	36765c1367d8
b635a3defa	61ed8f5a9165
8f52c54073	72f075893148
6c70287f4a	74c954629bf2
ea406489c4	bb29b81f2807
b0c856134c	230be99a429e
9ea827235e	cd2f99f5f293
b5a4b267f5	dcf7600a14fc
1fd1f82e88	d59159b6fd68
c955fe026b	46d252848143
631a105a03	12f297e2c34b
3bb87849a4	97858e4ca8b8
dfa34c840b	630973233423
2003709d4c	9a4cb56f70b8
cec042f20e	d44b2e2f49a6
de76a3a4cd	7ab9ede55312
bf505f7f8b	4effb723c2cc
4b7f3a31b1	ad08a2a944c9
b538315b84	e8f0ca371c01
9c2f94eae8	0636fdbb101d
76bb9c1dcd	b29052640570
efcb6ec011	80546aae5ea7
f125c1ae55	1b6441621ee5
7e3120135c	b52b7f90cae0
f2f7920a27	208306df62de
22ef68ace0	f4e4e562c08c
7cf169cd6e	e8a3473d6cc2
2cd57cdc5f	5589ce38114e
d61c70db53	9f188b21dae6
2b9ef2bcb3	3873196041c3
9ab1d0ca3e	10b85eb2a22a
b1086b1883	f021d8575592
d64cd8756b	a50fa809e0a4
100e314f66	a73badc53a0b
1712bb0675	781abd19cf3a
70f0c1d894	029cd7f2a7f1
61311d5a5f	3aa27539f024
b0af4036ef	e5630146ae7f
3ef7e42156	771a1671826a
007cf2f923	928c51c58248
b5f384f58a	a1b7f37569f7
e2bf30ec0f	8dd69ece3907
e18d2fd225	5a92efa008f1
b3f84f9da9	5c31b57993bd
7ac992b899	5aca569366a5
c14bc54773	e466f8411752
9740ec85c6	06aa55b9c2f1
975564b8f9	76b5cd3ad894
87b0431176	17b1c74610b6
75b2c9ac05	8744b5909ebe
cb62cdb173	e4d51a7f7178
af741e7edd	317ce2c2c40c
68ac091dc3	46fe2b4e1924
58d787612c	cb5a946e36f1
8a1143806d	d6376a9a973e
bda6cdacc3	a0d215bca353
5c761b5e3a	af7ae10efdd8
acd2684c2f	1c2772840a1b
dfbc7d2991	eb2ed6db2dd3
f8fda4fdaf	81c88ed057e2
d9ddf48c34	074e675b0a1e
8430db9ecd	a42ca7884800
61249d46a6	81afb4fec248
79c1444833	b6898bd6d203
3acb74f3b2	a3d0bcaeb62d
b647c0911e	a5ababbb3121
838eebc0b2	f5381da78f58
d2056f242d	40041d173626
2f04e23978	8515408bc2dd
b103c25a93	4767b599021f
cbe4858a95	6ac91a1ac3a7
cba7f0ff66	721ac4611a67
5cc027bde9	84946626e3ee
7ae00eba7c	95d9bbd60d8d
5a1b01782b	1c91e7a21d17
d81dad43f6	9f1547688dc4
2876ed4699	4521f8b5aa0d
ba4612aa16	1996207c7b10
a2db5cb86b	589df6445cb6
2f9610a696	44d08feecf75
613f520e0a	76eb7dd193a4
4d84662685	7b6ce29d02b3
a686759631	0896ef8378df
5b2c35bc7d	9c3cb4e9aaa2
edb6e76433	ac2b84e3fba7
fbad19ffd6	a985f084812d
b4c390dd74	81353328347e
f5e29bc0dd	d6187d91bb95
45c517a4fa	3b0ece75931b
f6cac3f39f	95c7f5975384
113ed29fd8	476b0ccf9455
2dec21317b	b76ad13a5b1f
eabbd1e81a	7d96171a0886
3bbf328039	41803d080e1e
d272284b73	0211571e4b4f
1ed6a471f8	c1a509ade640
05d15115b2	24233e36124b
a023f77085	937124596088
54f583fc30	9b21b974438e
efdca5e304	2cbebe9da124
e39354676c	4d526aa67604
84d2489959	e19bc0409ee3
f3647a4b79	2789ca8f1e97
7316877b57	a2a0a30be64f
3e67cf21af	d9c6e1db19ee
373592331e	c0f476c59e27
0118163030	115c07016f6a
c0f8555e12	3f949170fbc2
aa977a556f	a47fdf1b3e03
5680b78c98	bd8860e3b089
15543a38af	41231e22fc5b
464e9ee455	953b2a48b665
7e96437dd4	2de06132e259
90f9b6d8d7	a8803896b1bc
25a97d020e	c834cc3364ed
deedc64d85	4416006c5460
f22b161d45	5e65d337e7ea
159c1f912d	aac3cc076d00
4e8f197c71	8a79a576f4b7
78d4ba7e4e	be1ab909459f
e585e353dd	064b8a6ffd2c
6b580ab51d	8c4c961b32c2
9473fb9bd4	5bb6a221af6d
a51fc039ea	6e5d93765b06
71ee26ba0c	b8e5dc6c1a63
91dc3858e2	9d5cdd1be91e
c45b2815c1	b6c662296aab
49d464cf86	6868492fae3a
aa1740ad9f	a9858aa28210
aae48896a9	220a7390f87c
bb45bd3845	a5fcbb17d3d1
3dc9de6633	0a6986ef69c4
5da0d54385	ad98261a685c
d4af4a26d6	3e0aa32860df
ffc0ffae43	445be57da094
d0a11f45a7	19661d0c9c1c
d914cab286	e698991b1e40
4ae1cd881a	63247666a908
878de4a4df	944b18f5d176
78c04931c7	e90416e6e026
8e6d44b187	1ef0d51d50ee
1b5e9829a5	2c249dfab958
2be697c2d8	5e2f63209e90
bef6318993	076727d7d931
338df267c5	e6653302c969
43422feed6	42d245e0d9bf
001602e5fc	551c8dfcd782
460b3e8661	03527ad27e3b
36f5497a29	298e8e7ca560
24888fd9b9	52d28c7196d4
5dc48232d8	6b004d951218
ec354bd411	11e7a3af23ee
34b6e11449	43e84138a4c5
b8f070495f	c59f85e8be84
98c74cc352	fa827002cb02
19b42d891f	eb8331a6de35
c0ff4410db	d9c69c3e5f1e
33e270da8b	faa62a0f07b1
2500feb626	e5aff1101dd4
0521681e91	c566def06aca
96cb7e9953	f42a5fc76dfa
7053fe80c6	735d006c7489
cacab1dfab	fdbffdf4796d
897c62fa2c	2c1054415c2e
ccf4ad50bb	bfc1a4223fac
9de5af77ac	e48beac7d39c
fef4199258	3470e583dbe1
8cd5cd9a87	73aa8ac5b0bd
980d87ce9f	ef73e22e273c
ab57d56e08	d1e3dccf2552
17b7e2ab31	68425277bc2e
8219d54aa6	8e7bb6999644
86b1412b39	7e5c7d39449b
11016e1180	516203666f04
73c6a11238	ee6e009555f1
c05d0a10e4	d959c5f5ed3a
bf713c1704	ba86e9a834db
0325aae547	2a5d7cc40976
ac3a15b2ae	9bcefcd85c1d
7e05f0ec04	04cd79662e85
25486b095d	d4ea70df73a8
9f00b706c8	344e64ca2889
0218181429	ba44a68cd6f3
697fa77e77	7c2068e4efd9
96f57cf84a	d772f19b8641
f1efe76e00	68708c4caed5
bde16a14d5	fb1e23637d66
2e8785b550	0ecdbff33aba
a0c78c74f9	1ff9e37a93d4
1d82c4e9d6	5d83387db604
2c6725bb5c	dfe269092248
8f8e20dea5	32a3ec3f7703
8c7eca26b1	b07e6ee44fd3
529de133e2	17b1c370ea70
45aa4b5577	dd6a7b648676
179a8bb530	70ce70626223
28c725bfc9	8977b1e56dfc
e3b19e99ab	8e0d9f9bb154
c26054ce1e	89d44ad8313b
82f8b0a3ce	92ccbdbb9bf7
535b8ed095	efe46c636259
43db59d252	aa3f8ecb0d3b
06e9c0ebdc	f71575dc79f2
6a337943d5	ca27fabc410b
39553d55aa	ac1608508baa
70f788b0ca	e58f383166c0
946016e9dd	ac72bc229d3b
f918330f7c	b1be9c5cb4c9
9fe028f298	c6499a4fa08e
51170324dc	3a45d504fd2b
138f608a35	605f64b52f1c
85e6a15e3c	6a1240fb9868
9025b615b3	d827e6f88581
29effa9477	c25f1c4024e6
74c8a73095	dc9310b3bef3
fdfe9225de	be72240b4322
737ea77f0f	f5238143a6ad
acca105aa6	784fa8a7f711
d372d8fcfd	b5e24f69acb2
741c351f38	e63752af0265
f025d95e07	20e586c350d9
b2eef2634c	09a19f568cdb
5b12810b93	c9d49c5976c3
e3ed209475	49cf084d8bc8
30e99bad30	0fb6b7da1327
fbc7c614e2	5b557ef0f173
110d6636f1	583b866c67dd
d58717883d	4517140038c2
160aca644f	07e731ba170d
cf0ae2e7fd	805b3fdcad3b
5ea2b9daef	474210e6f6d2
f8cbd08733	1fc91e841de1
722a9ac56d	b12f23258651
f0440b764f	bca213b64a0f
31066b74fd	ba205c9eb736
9ba1aeb61b	4b82ec70663e
f2bb1c6c49	649525bb09a1
b9706049c2	571d54f2ac12
c28fec0566	1de32d3e68cd
8c527f928a	ffe79bb09fd8
e4971def1a	530fc19bac7e
3144d60281	d93a34ab9567
f3bc78d3cc	74405b592b23
b099f5c48c	e3aeda36defa
9389ba6d7f	153b7a8597ea
ba1a9ebf54	52a7e69293ac
91c47fe9c5	a0b801fae9bd
8525e5ee4f	b448af11ceeb
f484ea6559	12f67284c805
8d2287c5af	4885742e257f
f77123a4b7	be3e8f31edf9
ef37a6623c	28f9390ce664
362bcf06fe	5316995f74e3
d6275a76c9	9630591bed16
42a1ba4478	07054dfd3ac3
ffef69bd0e	3b68a5decd47
733cb14eb4	d691e31f4de1
a6d3cea5a3	077e25109708
925d151230	07a712d65bba
0abe8adeb6	dd4bc15b0b6f
1c7b986346	6cb3c99c4e9d
d4cf9b3043	659549962ce4
f363ec300d	c7e7e27383f9
64ad2b3a29	5049a4e62804
97d4a65877	7cd242beafa1
835aaec65a	0dcacbf8d8a0
28d5c0c2da	880ccbcfacc6
bc515bc2a3	ad9d0f0d01a7
4507a4593b	8a7a76d3f590
f9802c5968	97829439ca91
1a7f1b28f5	3c4c9e430514
a4ef193a9a	b6fc7ae91a38
771e8ede1f	4da0e8ba8206
ee82f2a5d4	f5113b5a552c
81a175dad2	2f542ede44c6
55163ed980	6092d5874d3a
cde50b7be2	ac3d317536bb
04134bdea8	f6c6f6aecd9a
32d45d3061	c7e7f99c69ea
d12d81ec36	4d66a79fbc96
d45ed6ed2a	77d69ed6ffff
75d6ffa842	8f8d5cf7bd32
4c1e278843	b42b5e68401e
2bac8daf3e	336ef9cffd8b
818a50b9af	e41e755434fb
b92f0a6985	efb9f693e8c8
c77944af3c	90143d432ff7
226de48d52	5ad288710362
9f612de537	98eb45bb42b1
37cb770436	5908a7c40eae
d584784e3e	47a03831c966
80fb70d111	982894037a18
d2f97d042d	6943f7151725
b979ae83e2	806addf37168
ee28ca3e3b	ee20d1fd0710
057ab84c2c	1efe42a348a3
fde2a977b1	99f0882fbb0f
4a8b71c1e1	1d25f094491a
9d7413c1aa	2a5a4b1371d4
a923f05ffc	8a95c668d73f
26b94596e7	53bff7804d91
daf75599c5	78812056589c
d896afb43d	ca1ad55225e3
8af7ddf366	2557d74e9f28
38bed27660	479ed460fe16
6f2c57ac08	57ed3b8eb789
df96943cf2	0c9052e55450
62679092e2	a9ebba80e237
52bed7081d	c24514f561ef
48cd9b6c43	aad0dab35785
741e482a90	7c01e30d9ab4
0292d00484	f9936ac09b34
ca688d76c8	cdcf1d630b3c
a14206a0aa	19408ff9678c
ec4145f885	192ae8698682
e44d81fc0f	a6ee5b2546f6
ae5c77fa6d	79c5251cb656
950e3ef75b	c81b62f06747
65a78b8479	6af6b85f6f1b
46c12ff199	fcb9dcbe1a64
369826b65a	488a659f2235
bf2308a456	b61a40bac541
8a9c677e9e	ebc791978a95
40afb48f59	4cd822a015d2
a4ab6a2534	9edf36cc1666
7aabbd60cf	b66580616694
55e4abc912	25494431d72d
8d84909a76	e13ec8ab8d34
e61c3adc14	bf4572f4658a
ab13453629	96f5d81b2990
749df33df3	416fb20f1403
3ab8ef5f5b	32f1d5ed526e
27a9aa16c8	19fccdba31a5
b59b8bc359	9a89cf02c614
573d0c2d0b	40db851c2cb7
d0e71abda9	991c541e155c
0fd968678c	7df648d57c0f
5b0f7307f2	0caf788b8925
8a3652585c	d74df8d33268
2d94081864	ecf130eb08b0
2e2719b445	01c32baa2629
50aaf826dc	3a314499b31a
b6596b7700	4867aab08c57
8bf6913d93	d90fa599cafa
28cff1b8ac	76589997665e
2754461fb1	bbe277daf30c
2cc27433a8	fcb2c889d9c6
782013c9be	aea309f3cbc7
7a908bc15a	1122bcb61265
b2331672fe	8f6231a63e78
df0d712d87	ef9893dae844
4649ea6018	f41cc20f5073
c5b6905eaf	c798e9655ef3
7dd92c4dd1	a787f2bd0777
246acbaf21	008be11d6973
1c3060f2a0	aa92267bffb3
f4e301db1b	4a9fecc5da7c
fd115c5aa2	3a420fefef7d
3a335bf541	ae4970e360f5
7b49440186	2436eb4fc8f0
12b2e153b2	06c5b22fed81
b428f46ffb	07fbaa3dd68b
e3cc513341	cf200ac159ba
875cc18292	a072e665f2e9
56224abb84	10aaa4b7f253
9ce8cc4941	a1bc7b659168
3f72a95c07	c3d06afd4c44
7f5017d434	0e57f8469b4e
db653e3781	8c5aaebfd869
d0a771fb80	f380fa66c650
a4f4fd8110	2986233deeb3
1b4fbfb74c	d2e719b8ded9
3287c6916c	e27e458f090c
c323eae999	a77d05f74651
5620f326c6	eb80f5fc18eb
ddd457eb82	64bc440e8db9
731793a425	ef35a674164d
481f284d67	93b6d3615022
633e8ff43f	88fcfbb39817
d149e002ab	b356b40169b0
f742f64263	ff751f559936
0edfb32e68	1b753f889cae
b19fb77c70	d69caca16e5d
9989a79291	bdfe8c0a4e44
766f16f66b	f4ce38c9843d
6bd78be0df	e356290d80a9
d23dba3641	478244523f41
c35056ee93	2ea0f5027245
b7490c05f4	19c0a62054c8
a0320314fc	d950eafb80b0
ad4e78ff77	0466365f7fb0
b9f26af1d7	39ab2e1fb708
4e2254c2a2	0e8823539567
47d9c7cc45	981730f01055
987b748df1	9b87d0acf3d0
ab25417ee7	0ba765e8cfd1
dff26578ae	3cabe9329c33
c508de7fce	9bc4459024a0
9b07432406	28a799eac591
6cdf001ec9	50953dc9ea71
cef9c6b384	cae46fdb307e
caa4148a79	b6df520c68fc
a1ffc4eec4	cf7b83eb9011
0a18e62817	2df0efb3c9ce
63b2a4ddc2	fdca26f5d468
f6110a855d	32b80f5c01df
df9bd9b30a	498417c99ec6
833c395079	428b5442e286
9a260fd350	3f2bd48ec886
3e2462bae2	599b7a0a8ea8
e7d8e89a99	8bc5275fe8e2
7855cefda6	7bea88ce2ed4
ba4d8942c0	0e6ac3a44543
b1015177c6	51aadd0c1593
8be27edd0d	2739886052f1
ddcad425ed	3ebacb08bb1b
f459d4731f	b6cb48e1546f
b28f220568	a4df41ba14f8
fd21876bef	d2d113c94799
3ddab08e4c	f55a173044f8
0682f493c9	04e6cbce0dfb
3b04da564b	6108de47363f
4e6621ba81	1a643bd88a16
7a3b851590	670632c2ec52
4888394c13	da14b4cbba3b
9f93f74bfe	c24c8c96f583
014cfbbbb2	1a172b440d01
55fef26817	5e1782c65f91
0b9ca0e05c	e6fc6060b45c
9e9cf77e6c	df8f1d45cb14
3b04f96367	9c3e060ff917
b03e0e04b2	3f7fc1bdc498
b62d38ae53	738572f1e39c
16196e6fe8	ee7399503b67
b343aab79c	4a6ab4fbc945
0e402cc4b3	5cd3b6076191
ad6e12dcb5	316a52582ec6
6c214e6a86	d0577c1e46f9
e307b74e57	73cc5dde3d4d
f3741c07ce	79f5e378037b
a20ff4c734	ccef912fd39a
c8e69f19f1	4275ced64435
b788e419bf	0a291d50abd1
84b9aebd00	4d444a872f2c
4bc7568833	f445fafcddb1
ed8ba287b7	ea1cb59682be
0c9ae8acca	caa3c9df0ae1
31cde6490f	2740296f8fea
71aeaa54b0	9b306c888e5a
bc8d4fb232	b4a207117b48
5dde10faa3	6ee2ce0fc465
54e5548f50	6a1ef00292ea
79711b3317	37c85a69af82
e02d431951	c89c47cef770
72d6fd7810	52a2b8e77d79
b579cb58b6	1bfb6dc7638a
77121341c4	07611af4fbdb
a1e74c8d34	ee93bed5044b
44229fe9bc	f706c200cd2b
7d68bb6551	ef558b1b6c04
7cde5eee42	d4bd9bdc27c9
9ded0f0b44	88c0d95abe16
c4a676570e	02ebcff9f5da
f21f9eb239	6d42bf232f92
56955c490c	c9532570616a
57a8e547aa	e9f525927f80
53678509fc	c8735bf63bc3
ce92461399	2c88fd15d946
23d7c8c6af	cc0472f60ce5
fb60df863d	706c17fb46aa
840ddb71b1	2d7a4dee7a74
da9157d319	5a304c48b7ad
c4da648f72	0c4c7cd1fb2e
2364a757f1	2cb2b27ae3d4
545ca35fe3	97e04af5f1e1
0a6240e567	05c6ca542905
d95f79d1bc	54e581ed6c8c
f37c5fc6a0	2a2f2a1b4fb1
c5b77528a1	de7b6427846a
cb6027ea4d	adae4b160b9b
0279e8720f	17ae00dfcbb7
82b26e567b	5f610601fef1
ea4900b268	dd3e5274f8e3
dd335da2c7	a1dcf84a6e98
b3bd4b8d02	687cf615bd9b
19f6500a9b	0b4ccd62509e
38ff378c41	2daedd32a4cf
38b4381b0e	b72c28be9c90
4aa1e9549b	4ff06ab88ceb
14736d56bf	5f4fb3e3bcb2
e94c847dcf	8f0b25550ca4
46b0a46877	d88be3d5a207
86b99a785c	bfb4cf34f80e
775b6322e6	5d42a4c31d02
18718639ae	ba3cd2cf4345
b7d3274c31	3cab6e35dfc1
b3a8edff21	16ee23200f1e
75aa000183	c2509fbdb976
a18c377e15	5be6648bc5e4
a026d22247	d081948f52c4
94f39ec0fe	c44643e0592c
164cc4f679	a169bd3fb50b
aded8a539b	12172b6806db
e04848b6d6	e3b933b4ebc7
0380a81f66	c390363b42fe
8a0f8db754	ba33c7c2508e
ab56a63eab	cc7196e8b33e
2c3ac31bc4	ae4249d00144
093d50090c	6ba527ce6ef1
5d7884f4f6	d6a7db57c7e6
58361a6c44	181b630360d1
516cdec2fd	4540120b9726
30c321399d	7cf5e8043df3
24f0ab4594	f21c91999c76
8ff65ab82d	dea65df55028
0e5958f8fd	7b4690511fdc
0c60d1d4e8	b93f88dd48ef
14a7b2376d	a9cdee2930f6
95e136ec29	c1ceca3d7d7e
9ef8e04d26	f3e8ff8e1149
555f3e0972	574899cdad66
1eb12ef373	22675475096f
663162ca87	78bbd4744966
c6a093f73c	59138a66493b
be7c8d2dad	52aa6fe47a9b
51c2026602	730831d936f3
a0312a22d6	ae83303514d8
f9833c1d63	fc78ee2607a3
d76fe0014c	fa201d9bcd66
ac6b8a663d	49a2c8650aa8
9f65f42232	f3ea243f1ec0
493e26d379	0953e9aa47b4
ff76b63b81	5938f855093d
4c13605aec	58efdad5bb53
06d8de1d03	190a8c66291e
1ee132405b	dddc68dad3c8
8a18254bcb	25d8f6d9db10
ac95ec9523	01c6f6bd97c9
9792ba3456	d5646bab5a0a
c11f7f9ab1	fd4cac833b58
6d2a51e78c	f104ef79d291
1563bfb84e	15112dfbee1f
43d5cc7d76	58e51934f362
7795dd76a1	9f30d2e98283
b3f6549e17	5b2d2abaf8a6
e515482c67	41efddd30128
d3628b73ab	e49525e1e701
154ba3d233	1155ebff74eb
0c3598ef6a	fb0278324488
964efa98b2	3353fb44c299
6d6bbc7ebd	398c2b37e280
2298e28932	fb1bde43a65e
b65dccaaee	21775de20e3a
e838cc361a	9d9418ea695d
35a6a583fd	4c136134e351
173707dbec	e92355c09632
9e9c7280d4	7219bc5a6915
312fb417fe	5e10bd2ab7b7
a25cb69af7	4cd77f4b3174
d4e23225aa	e4b876184b50
a76fbc60f5	e51e4daf26a2
af3e7568dd	2130124721d0
f2a1259a13	3b94d614c3b5
d7c7ca14e4	c4ac560e63a8
822b755f59	89422ea5f804
bb49e5dd16	5e766a0a5a48
3f4350d269	f984d692ab56
b86d9bbc25	b15c4c359af0
9682124105	c51e8f78d630
9eae3d9989	d24dc37d8bc9
7c7127ac48	02ee8c58cce3
3291e0754e	c484bbfdc48e
ead3b9dc5b	0b4f9fa91586
41d644b70a	7135d47afe95
c160109a79	e63fc4ee0900
725db6c816	2d42e85bfa5d
635003291d	e9c49153fbf3
76e39026c3	b48ede8adff7
8e84b90966	f8322f79c4da
ec1c2dbd9c	fcd3bd11502f
92d94a77f1	46a2a9a43bf5
149e17f807	61ca34ac21b0
d3c8331f2b	7838ec4e9398
5926fa4636	5a734974e61f
9e26eeff9d	01a6927dc0ab
65db267ab3	ccac41257fc4
d8fb49be4e	5b0bcfd7b2be
12a29ccaa3	62f127eeec8a
5d60806db7	6bac59866142
461cda3439	41c73f70d3dd
0df53b1d19	f7807a949fed
241af61653	a2eaaebd7232
eff87388aa	a4cf1f47a780
